city,date,temp,o3,dewpoint,pm10,season,yday,month,month_numeric,year
chic,1997/01/01,36,5.66,37.5,13.05,Winter,1,Jan,1,1997
chic,1997/02/01,45,5.53,47.25,41.95,Winter,2,Jan,1,1997
chic,1997/03/01,40,6.29,38,27.04,Winter,3,Jan,1,1997
chic,1997/04/01,51.5,7.54,45.5,25.07,Winter,4,Jan,1,1997
chic,1997/05/01,27,20.76,11.25,15.34,Winter,5,Jan,1,1997
chic,1997/06/01,17,14.94,5.75,9.36,Winter,6,Jan,1,1997
chic,1997/07/01,16,11.92,7,20.23,Winter,7,Jan,1,1997
chic,1997/08/01,19,8.68,17.75,33.13,Winter,8,Jan,1,1997
chic,1997/09/01,26,13.36,24,12.12,Winter,9,Jan,1,1997
chic,1997/10/01,16,10.45,5.38,24.76,Winter,10,Jan,1,1997
chic,1997/11/01,1.5,15.87,-6.63,18.13,Winter,11,Jan,1,1997
chic,1997/12/01,1,15.12,-8.88,16.01,Winter,12,Jan,1,1997
chic,1/13/1997,3,9.38,1.5,34.99,Winter,13,Jan,1,1997
chic,1/14/1997,10,8.03,11.5,64.95,Winter,14,Jan,1,1997
chic,1/15/1997,19,7.07,23.25,26.94,Winter,15,Jan,1,1997
chic,1/16/1997,9.5,20.11,-9.75,27.02,Winter,16,Jan,1,1997
chic,1/17/1997,-3,15.36,-10.38,18.84,Winter,17,Jan,1,1997
chic,1/18/1997,0,12.71,-4.13,31.86,Winter,18,Jan,1,1997
chic,1/19/1997,14,9.62,22.63,30.92,Winter,19,Jan,1,1997
chic,1/20/1997,31,16.84,27.25,19.89,Winter,20,Jan,1,1997
chic,1/21/1997,35,12.76,41.63,27.88,Winter,21,Jan,1,1997
chic,1/22/1997,36.5,21.02,20.75,18.51,Winter,22,Jan,1,1997
chic,1/23/1997,26,18.67,18.75,11.85,Winter,23,Jan,1,1997
chic,1/24/1997,32,7.13,29.5,26.69,Winter,24,Jan,1,1997
chic,1/25/1997,14.5,17.17,-1.38,16.61,Winter,25,Jan,1,1997
chic,1/26/1997,11,9.96,17.13,21.64,Winter,26,Jan,1,1997
chic,1/27/1997,17,9.17,8.38,22.67,Winter,27,Jan,1,1997
chic,1/28/1997,2,13.61,-6.38,28.1,Winter,28,Jan,1,1997
chic,1/29/1997,8,7.95,11,51.78,Winter,29,Jan,1,1997
chic,1/30/1997,16.5,7.66,16.38,48.74,Winter,30,Jan,1,1997
chic,1/31/1997,31.5,11.88,33.75,24.69,Winter,31,Jan,1,1997
chic,1997/01/02,35,16.68,29.67,23.78,Winter,32,Feb,2,1997
chic,1997/02/02,36.5,12.03,29.63,27.76,Winter,33,Feb,2,1997
chic,1997/03/02,30,21.85,28,21.6,Winter,34,Feb,2,1997
chic,1997/04/02,34.5,10.89,32,17.05,Winter,35,Feb,2,1997
chic,1997/05/02,30,14.89,24.25,10.16,Winter,36,Feb,2,1997
chic,1997/06/02,26,15.96,21.88,15.94,Winter,37,Feb,2,1997
chic,1997/07/02,25.5,14.39,23.38,33.01,Winter,38,Feb,2,1997
chic,1997/08/02,25.5,19.75,22.5,14.96,Winter,39,Feb,2,1997
chic,1997/09/02,26,12.4,21,30.41,Winter,40,Feb,2,1997
chic,1997/10/02,27,14.19,21.75,23.91,Winter,41,Feb,2,1997
chic,1997/11/02,23.5,20.49,19.5,22.97,Winter,42,Feb,2,1997
chic,1997/12/02,21,23.09,11.6,12.71,Winter,43,Feb,2,1997
chic,2/13/1997,20.5,20.17,16.38,22.72,Winter,44,Feb,2,1997
chic,2/14/1997,25.5,15.45,23,35.68,Winter,45,Feb,2,1997
chic,2/15/1997,20,19.53,15.25,28.37,Winter,46,Feb,2,1997
chic,2/16/1997,18.5,20.02,8.13,15.66,Winter,47,Feb,2,1997
chic,2/17/1997,30,17.3,32.63,38.74,Winter,48,Feb,2,1997
chic,2/18/1997,48.5,27.01,41.38,27.6,Winter,49,Feb,2,1997
chic,2/19/1997,37.5,19.06,27.5,17.61,Winter,50,Feb,2,1997
chic,2/20/1997,35.5,6.89,44.13,29.77,Winter,51,Feb,2,1997
chic,2/21/1997,36,16.31,29.63,7.34,Winter,52,Feb,2,1997
chic,2/22/1997,26,23.02,24.25,7.86,Winter,53,Feb,2,1997
chic,2/23/1997,28,24.99,14.63,7.91,Winter,54,Feb,2,1997
chic,2/24/1997,21.5,18.94,10.88,17.83,Winter,55,Feb,2,1997
chic,2/25/1997,25.5,12.53,27.13,41.12,Winter,56,Feb,2,1997
chic,2/26/1997,36.5,7.96,35,34.05,Winter,57,Feb,2,1997
chic,2/27/1997,34.5,13.19,30.25,19.75,Winter,58,Feb,2,1997
chic,2/28/1997,37.5,15.18,36,26.13,Winter,59,Feb,2,1997
chic,1997/01/03,45.5,13.86,44,28.13,Winter,60,Mar,3,1997
chic,1997/02/03,35,30.99,27.38,9.94,Winter,61,Mar,3,1997
chic,1997/03/03,33.5,29.26,29.38,15.98,Winter,62,Mar,3,1997
chic,1997/04/03,38,15.41,28.88,26.03,Winter,63,Mar,3,1997
chic,1997/05/03,33,17.79,28.63,31.42,Winter,64,Mar,3,1997
chic,1997/06/03,26.5,25.03,13.38,26.51,Winter,65,Mar,3,1997
chic,1997/07/03,35.5,18,35.25,30.59,Winter,66,Mar,3,1997
chic,1997/08/03,39,30.11,28.25,16.23,Winter,67,Mar,3,1997
chic,1997/09/03,37,15.18,32.63,21.21,Winter,68,Mar,3,1997
chic,1997/10/03,44,20.23,33.25,26.32,Winter,69,Mar,3,1997
chic,1997/11/03,37,29.98,23.38,20.13,Winter,70,Mar,3,1997
chic,1997/12/03,33.5,30.81,25,20.43,Winter,71,Mar,3,1997
chic,3/13/1997,37.5,28.39,30.5,22.48,Winter,72,Mar,3,1997
chic,3/14/1997,26.5,24.62,15.5,18.58,Winter,73,Mar,3,1997
chic,3/15/1997,19,30.74,8.38,8.03,Winter,74,Mar,3,1997
chic,3/16/1997,24.5,26.62,23.75,16.93,Winter,75,Mar,3,1997
chic,3/17/1997,45,22.22,33.63,31.87,Winter,76,Mar,3,1997
chic,3/18/1997,33.5,40.2,27,18.6,Winter,77,Mar,3,1997
chic,3/19/1997,35.5,28.49,28.88,23.59,Winter,78,Mar,3,1997
chic,3/20/1997,46,24.95,31.88,31.51,Winter,79,Mar,3,1997
chic,3/21/1997,53.5,18,42.5,58.5,Winter,80,Mar,3,1997
chic,3/22/1997,37.5,27.96,28.63,18.61,Winter,81,Mar,3,1997
chic,3/23/1997,32.5,24.77,20.38,15.13,Winter,82,Mar,3,1997
chic,3/24/1997,33,18.62,32.38,26.64,Winter,83,Mar,3,1997
chic,3/25/1997,40.5,14.8,30,22.72,Winter,84,Mar,3,1997
chic,3/26/1997,44,20.56,36.75,21.77,Winter,85,Mar,3,1997
chic,3/27/1997,60.5,24.38,40.13,46.76,Winter,86,Mar,3,1997
chic,3/28/1997,55.5,10.87,53.88,46.8,Winter,87,Mar,3,1997
chic,3/29/1997,43.5,14.85,41,22.02,Winter,88,Mar,3,1997
chic,3/30/1997,37.5,23.49,33.75,8.77,Winter,89,Mar,3,1997
chic,3/31/1997,38.5,25.24,22,19.66,Winter,90,Mar,3,1997
chic,1997/01/04,44.5,14.06,28.13,59.72,Spring,91,Apr,4,1997
chic,1997/02/04,53,11.67,29.88,61.74,Spring,92,Apr,4,1997
chic,1997/03/04,59.5,10.75,49.88,42.62,Spring,93,Apr,4,1997
chic,1997/04/04,62.5,28.97,48.25,50.95,Spring,94,Apr,4,1997
chic,1997/05/04,60.5,26.13,54.38,18.4,Spring,95,Apr,4,1997
chic,1997/06/04,45,26.79,21.75,30.38,Spring,96,Apr,4,1997
chic,1997/07/04,34,25.26,18.38,20.16,Spring,97,Apr,4,1997
chic,1997/08/04,28.5,20.04,9.25,12.21,Spring,98,Apr,4,1997
chic,1997/09/04,30,20.74,18.88,13.04,Spring,99,Apr,4,1997
chic,1997/10/04,30.5,20.5,22,25.17,Spring,100,Apr,4,1997
chic,1997/11/04,33.5,23.5,32,19.92,Spring,101,Apr,4,1997
chic,1997/12/04,33.5,20.77,30.38,12.03,Spring,102,Apr,4,1997
chic,4/13/1997,38.5,26.7,24.63,10.22,Spring,103,Apr,4,1997
chic,4/14/1997,41.5,16.6,28.13,50.13,Spring,104,Apr,4,1997
chic,4/15/1997,49,26.2,36.25,74.15,Spring,105,Apr,4,1997
chic,4/16/1997,43,20.3,25.63,24.43,Spring,106,Apr,4,1997
chic,4/17/1997,40.5,17.01,25.75,12.27,Spring,107,Apr,4,1997
chic,4/18/1997,40,11.74,34.75,39.27,Spring,108,Apr,4,1997
chic,4/19/1997,45.5,22.38,30.88,32.28,Spring,109,Apr,4,1997
chic,4/20/1997,49,22.09,42.25,30.36,Spring,110,Apr,4,1997
chic,4/21/1997,45,32.81,31,16.41,Spring,111,Apr,4,1997
chic,4/22/1997,43,28.01,33.63,14.83,Spring,112,Apr,4,1997
chic,4/23/1997,48.5,25.39,34,5.57,Spring,113,Apr,4,1997
chic,4/24/1997,47.5,21.57,36.5,7.48,Spring,114,Apr,4,1997
chic,4/25/1997,48,23.19,27.75,22.49,Spring,115,Apr,4,1997
chic,4/26/1997,49.5,21.3,24.25,35.49,Spring,116,Apr,4,1997
chic,4/27/1997,47.5,27.48,40.25,23.57,Spring,117,Apr,4,1997
chic,4/28/1997,50.5,18.51,40.75,61.23,Spring,118,Apr,4,1997
chic,4/29/1997,60,33.29,45.25,91.57,Spring,119,Apr,4,1997
chic,4/30/1997,55,22.82,50,47.56,Spring,120,Apr,4,1997
chic,1997/01/05,48.5,18.89,36.88,15.56,Spring,121,May,5,1997
chic,1997/02/05,48.5,8.9,45.5,31.59,Spring,122,May,5,1997
chic,1997/03/05,49,20.44,40.38,11.62,Spring,123,May,5,1997
chic,1997/04/05,51.5,28.13,33.25,19.25,Spring,124,May,5,1997
chic,1997/05/05,62,28.53,38.88,77.69,Spring,125,May,5,1997
chic,1997/06/05,55.5,21.81,35,24.78,Spring,126,May,5,1997
chic,1997/07/05,52.5,19.12,49.25,37.67,Spring,127,May,5,1997
chic,1997/08/05,61,27.42,42.75,26.68,Spring,128,May,5,1997
chic,1997/09/05,50.5,20.02,36,12.69,Spring,129,May,5,1997
chic,1997/10/05,52.5,20.5,32.63,27.26,Spring,130,May,5,1997
chic,1997/11/05,59.5,25.81,43.88,26.69,Spring,131,May,5,1997
chic,1997/12/05,52.5,24.83,32.5,29.67,Spring,132,May,5,1997
chic,5/13/1997,45.5,16.77,38.75,22.81,Spring,133,May,5,1997
chic,5/14/1997,49.5,10.96,40.63,32.78,Spring,134,May,5,1997
chic,5/15/1997,45,12.32,35.5,7.75,Spring,135,May,5,1997
chic,5/16/1997,51,20.18,41.38,35.04,Spring,136,May,5,1997
chic,5/17/1997,50.5,27.88,38.25,19.85,Spring,137,May,5,1997
chic,5/18/1997,59.5,23.02,63.88,33.91,Spring,138,May,5,1997
chic,5/19/1997,54,17.89,42.38,20.95,Spring,139,May,5,1997
chic,5/20/1997,51.5,16.3,38.13,25.95,Spring,140,May,5,1997
chic,5/21/1997,48,18.67,34.38,10.9,Spring,141,May,5,1997
chic,5/22/1997,50.5,18.69,34.63,29.99,Spring,142,May,5,1997
chic,5/23/1997,58,23.63,40.75,35.8,Spring,143,May,5,1997
chic,5/24/1997,68.5,38.76,56.13,61.78,Spring,144,May,5,1997
chic,5/25/1997,50,35.8,44.5,21.84,Spring,145,May,5,1997
chic,5/26/1997,50,30.91,35.88,4.85,Spring,146,May,5,1997
chic,5/27/1997,56,28.04,39.38,25.74,Spring,147,May,5,1997
chic,5/28/1997,58.5,18.7,56.88,30.26,Spring,148,May,5,1997
chic,5/29/1997,58,15.66,50.75,21.71,Spring,149,May,5,1997
chic,5/30/1997,61,26.72,51.75,25.71,Spring,150,May,5,1997
chic,5/31/1997,59,35.44,53.38,20.63,Spring,151,May,5,1997
chic,1997/01/06,60.5,42.33,51.25,15.52,Spring,152,Jun,6,1997
chic,1997/02/06,58,28.2,54.5,17.55,Spring,153,Jun,6,1997
chic,1997/03/06,61.5,28.85,52.63,25.81,Spring,154,Jun,6,1997
chic,1997/04/06,59,28.58,47.5,28.53,Spring,155,Jun,6,1997
chic,1997/05/06,62,29.24,56,47.61,Spring,156,Jun,6,1997
chic,1997/06/06,63.5,22.37,58.75,47.64,Spring,157,Jun,6,1997
chic,1997/07/06,58.5,19.64,55.38,14.57,Spring,158,Jun,6,1997
chic,1997/08/06,61,39.02,48.63,19.6,Spring,159,Jun,6,1997
chic,1997/09/06,62.5,39.51,51.75,34.12,Spring,160,Jun,6,1997
chic,1997/10/06,66.5,39.05,53.88,47.53,Spring,161,Jun,6,1997
chic,1997/11/06,67.5,18.85,63.13,54.62,Spring,162,Jun,6,1997
chic,1997/12/06,70,18.51,63.63,56.75,Spring,163,Jun,6,1997
chic,6/13/1997,71,27.04,52,39.75,Spring,164,Jun,6,1997
chic,6/14/1997,56.5,19.26,41.88,8.81,Spring,165,Jun,6,1997
chic,6/15/1997,63,33.16,59.75,32.28,Spring,166,Jun,6,1997
chic,6/16/1997,67,30.48,53.38,23.8,Spring,167,Jun,6,1997
chic,6/17/1997,60.5,21.38,50.38,23.75,Spring,168,Jun,6,1997
chic,6/18/1997,67,29.43,61.13,48.67,Spring,169,Jun,6,1997
chic,6/19/1997,70,30.17,65.88,56.84,Spring,170,Jun,6,1997
chic,6/20/1997,81.5,38.25,72.88,74.78,Spring,171,Jun,6,1997
chic,6/21/1997,75.5,28.11,64.75,26.78,Spring,172,Jun,6,1997
chic,6/22/1997,77,35.93,66.88,21.05,Spring,173,Jun,6,1997
chic,6/23/1997,82.5,27.36,69.63,68.2,Spring,174,Jun,6,1997
chic,6/24/1997,84,30.2,60,123.43,Spring,175,Jun,6,1997
chic,6/25/1997,78,27.65,62.75,37.52,Spring,176,Jun,6,1997
chic,6/26/1997,73.5,28.03,55.25,25.68,Spring,177,Jun,6,1997
chic,6/27/1997,72.5,29.84,59,43.91,Spring,178,Jun,6,1997
chic,6/28/1997,74,44.34,62,46.73,Spring,179,Jun,6,1997
chic,6/29/1997,75,54.69,65.25,60.94,Spring,180,Jun,6,1997
chic,6/30/1997,76,18.08,69.25,34.95,Spring,181,Jun,6,1997
chic,1997/01/07,77.5,36.38,68.63,45.99,Summer,182,Jul,7,1997
chic,1997/02/07,79.5,28.56,55.75,58.03,Summer,183,Jul,7,1997
chic,1997/03/07,68.5,16.66,54.25,23.39,Summer,184,Jul,7,1997
chic,1997/04/07,61.5,9.15,51.88,10.03,Summer,185,Jul,7,1997
chic,1997/05/07,65.5,19.71,50.75,15.04,Summer,186,Jul,7,1997
chic,1997/06/07,70,30.28,57.75,18.2,Summer,187,Jul,7,1997
chic,1997/07/07,65.5,25.31,52.5,21.05,Summer,188,Jul,7,1997
chic,1997/08/07,71,28.16,58,38.98,Summer,189,Jul,7,1997
chic,1997/09/07,62,26.42,50.75,14.96,Summer,190,Jul,7,1997
chic,1997/10/07,64.5,23.32,51,26.06,Summer,191,Jul,7,1997
chic,1997/11/07,68.5,32.43,59.13,41.06,Summer,192,Jul,7,1997
chic,1997/12/07,74.5,46.69,63.5,58.1,Summer,193,Jul,7,1997
chic,7/13/1997,82.5,37.23,71.75,58.14,Summer,194,Jul,7,1997
chic,7/14/1997,83,26.19,62.38,41.12,Summer,195,Jul,7,1997
chic,7/15/1997,79,22.94,64.25,28.35,Summer,196,Jul,7,1997
chic,7/16/1997,82.5,30.36,59.88,39.18,Summer,197,Jul,7,1997
chic,7/17/1997,84,42,68.63,58.19,Summer,198,Jul,7,1997
chic,7/18/1997,79,19.02,69.13,55.12,Summer,199,Jul,7,1997
chic,7/19/1997,74.5,28.46,60.63,21.17,Summer,200,Jul,7,1997
chic,7/20/1997,76.5,34.59,71.63,38.17,Summer,201,Jul,7,1997
chic,7/21/1997,72,29.58,65.13,26.74,Summer,202,Jul,7,1997
chic,7/22/1997,69,26.29,64.38,21.06,Summer,203,Jul,7,1997
chic,7/23/1997,69,29.62,59.75,25.05,Summer,204,Jul,7,1997
chic,7/24/1997,72.5,37,64.75,43.14,Summer,205,Jul,7,1997
chic,7/25/1997,76,35.52,75.75,78.24,Summer,206,Jul,7,1997
chic,7/26/1997,85.5,41.67,73.38,58.21,Summer,207,Jul,7,1997
chic,7/27/1997,81.5,25.69,73.75,35.02,Summer,208,Jul,7,1997
chic,7/28/1997,74.5,19.17,57.38,16.16,Summer,209,Jul,7,1997
chic,7/29/1997,66.5,18.64,50.88,5.15,Summer,210,Jul,7,1997
chic,7/30/1997,68.5,19.59,52.38,14.1,Summer,211,Jul,7,1997
chic,7/31/1997,69,23.83,56.25,36.17,Summer,212,Jul,7,1997
chic,1997/01/08,74.5,39.65,58.88,70.26,Summer,213,Aug,8,1997
chic,1997/02/08,81.5,42.1,59.38,47.41,Summer,214,Aug,8,1997
chic,1997/03/08,78,35.47,66.5,34.25,Summer,215,Aug,8,1997
chic,1997/04/08,71,19.8,57.75,13.3,Summer,216,Aug,8,1997
chic,1997/05/08,62.5,18.2,45.88,9.57,Summer,217,Aug,8,1997
chic,1997/06/08,64.5,13.84,54,28.23,Summer,218,Aug,8,1997
chic,1997/07/08,67,24.37,55.5,45.26,Summer,219,Aug,8,1997
chic,1997/08/08,69.5,33.02,52.88,45.73,Summer,220,Aug,8,1997
chic,1997/09/08,70.5,24.2,66,41.3,Summer,221,Aug,8,1997
chic,1997/10/08,75.5,23.54,65.5,42.28,Summer,222,Aug,8,1997
chic,1997/11/08,67.5,14.08,62.13,12.1,Summer,223,Aug,8,1997
chic,1997/12/08,69.5,4.02,67.88,26.57,Summer,224,Aug,8,1997
chic,8/13/1997,68.5,16.35,58.75,17.56,Summer,225,Aug,8,1997
chic,8/14/1997,65.5,18.41,63.13,28.23,Summer,226,Aug,8,1997
chic,8/15/1997,77,19.54,70,38.55,Summer,227,Aug,8,1997
chic,8/16/1997,80,30.21,69.88,36.57,Summer,228,Aug,8,1997
chic,8/17/1997,68.5,20.56,64,NA,Summer,229,Aug,8,1997
chic,8/18/1997,63.5,15.74,54.38,4.53,Summer,230,Aug,8,1997
chic,8/19/1997,64,14.42,60,24.61,Summer,231,Aug,8,1997
chic,8/20/1997,67,13.59,59.38,28.25,Summer,232,Aug,8,1997
chic,8/21/1997,63.5,16.27,52.88,11.61,Summer,233,Aug,8,1997
chic,8/22/1997,64,10.49,54.88,20.65,Summer,234,Aug,8,1997
chic,8/23/1997,65.5,15.65,57.75,25.12,Summer,235,Aug,8,1997
chic,8/24/1997,70.5,26.38,62.75,18.25,Summer,236,Aug,8,1997
chic,8/25/1997,65.5,25.59,59.5,24.2,Summer,237,Aug,8,1997
chic,8/26/1997,69,16.19,68.75,45.41,Summer,238,Aug,8,1997
chic,8/27/1997,77,14.07,67.5,47.16,Summer,239,Aug,8,1997
chic,8/28/1997,68.5,17.52,58.13,14.16,Summer,240,Aug,8,1997
chic,8/29/1997,67,16.2,58.88,25.4,Summer,241,Aug,8,1997
chic,8/30/1997,65,16.31,68.13,40.25,Summer,242,Aug,8,1997
chic,8/31/1997,72,26.52,62.13,17.32,Summer,243,Aug,8,1997
chic,1997/01/09,70.5,24.37,65.88,29.7,Summer,244,Sep,9,1997
chic,1997/02/09,68,10.79,51.75,34.35,Summer,245,Sep,9,1997
chic,1997/03/09,58.5,15.17,47.13,4.39,Summer,246,Sep,9,1997
chic,1997/04/09,59,13.72,44.88,28.45,Summer,247,Sep,9,1997
chic,1997/05/09,60.5,14.12,51,54.49,Summer,248,Sep,9,1997
chic,1997/06/09,74.5,30.04,64.75,39.5,Summer,249,Sep,9,1997
chic,1997/07/09,66,21.22,60.13,20.35,Summer,250,Sep,9,1997
chic,1997/08/09,67.5,16.88,62.88,20.54,Summer,251,Sep,9,1997
chic,1997/09/09,68.5,18.36,60.38,30.58,Summer,252,Sep,9,1997
chic,1997/10/09,64.5,12.46,55.38,13.98,Summer,253,Sep,9,1997
chic,1997/11/09,61.5,6.79,53.75,20.09,Summer,254,Sep,9,1997
chic,1997/12/09,61.5,10.39,52.75,28.02,Summer,255,Sep,9,1997
chic,9/13/1997,63.5,18.22,58.63,41.32,Summer,256,Sep,9,1997
chic,9/14/1997,69,31.2,62.38,48.04,Summer,257,Sep,9,1997
chic,9/15/1997,69.5,32.22,65.38,80.03,Summer,258,Sep,9,1997
chic,9/16/1997,74.5,36.33,68.88,81.07,Summer,259,Sep,9,1997
chic,9/17/1997,70,13.7,50.88,19.22,Summer,260,Sep,9,1997
chic,9/18/1997,69,19.05,50.38,94.28,Summer,261,Sep,9,1997
chic,9/19/1997,73,21.45,67.88,35.3,Summer,262,Sep,9,1997
chic,9/20/1997,58.5,13.77,48.5,7.53,Summer,263,Sep,9,1997
chic,9/21/1997,57,8.28,46.13,11.57,Summer,264,Sep,9,1997
chic,9/22/1997,57.5,4.05,51.88,34.9,Summer,265,Sep,9,1997
chic,9/23/1997,59,9.71,46.38,14.93,Summer,266,Sep,9,1997
chic,9/24/1997,56.5,7.51,47.38,29.9,Summer,267,Sep,9,1997
chic,9/25/1997,66,14.74,55.13,28.38,Summer,268,Sep,9,1997
chic,9/26/1997,60,14.18,51.13,19.58,Summer,269,Sep,9,1997
chic,9/27/1997,62.5,17.04,54.13,29.67,Summer,270,Sep,9,1997
chic,9/28/1997,64,13.63,48,22.83,Summer,271,Sep,9,1997
chic,9/29/1997,65,15.96,44.13,56.58,Summer,272,Sep,9,1997
chic,9/30/1997,59.5,8.79,47,17.57,Summer,273,Sep,9,1997
chic,1997/01/10,52,14.17,42.5,18.31,Autumn,274,Oct,10,1997
chic,1997/02/10,61,12.85,51.88,75.85,Autumn,275,Oct,10,1997
chic,1997/03/10,73,28.5,60.75,87.94,Autumn,276,Oct,10,1997
chic,1997/04/10,68,17.99,55.75,44.24,Autumn,277,Oct,10,1997
chic,1997/05/10,70,27.44,54.88,50.92,Autumn,278,Oct,10,1997
chic,1997/06/10,70.5,19.7,56.38,85.93,Autumn,279,Oct,10,1997
chic,1997/07/10,73.5,17.62,58.88,54.19,Autumn,280,Oct,10,1997
chic,1997/08/10,72.5,29.72,60.38,71.85,Autumn,281,Oct,10,1997
chic,1997/09/10,64,15.05,44.75,39.88,Autumn,282,Oct,10,1997
chic,1997/10/10,59,8.03,47.25,42.09,Autumn,283,Oct,10,1997
chic,1997/11/10,61.5,16.92,44.25,27.04,Autumn,284,Oct,10,1997
chic,1997/12/10,70,29.92,56.13,33.98,Autumn,285,Oct,10,1997
chic,10/13/1997,59.5,12.44,39.38,20.6,Autumn,286,Oct,10,1997
chic,10/14/1997,42.5,7.68,30.25,15.97,Autumn,287,Oct,10,1997
chic,10/15/1997,42.5,3.28,36.75,42.06,Autumn,288,Oct,10,1997
chic,10/16/1997,47.5,7.98,38.5,45.19,Autumn,289,Oct,10,1997
chic,10/17/1997,45.5,6.1,39.25,44.98,Autumn,290,Oct,10,1997
chic,10/18/1997,44.5,6.38,36.38,49.99,Autumn,291,Oct,10,1997
chic,10/19/1997,50,13.7,45.25,36.05,Autumn,292,Oct,10,1997
chic,10/20/1997,45.5,5.9,32.63,15.99,Autumn,293,Oct,10,1997
chic,10/21/1997,42.5,9.55,20.63,15.97,Autumn,294,Oct,10,1997
chic,10/22/1997,36,11.7,23.5,26.38,Autumn,295,Oct,10,1997
chic,10/23/1997,44.5,2.98,31.25,47.54,Autumn,296,Oct,10,1997
chic,10/24/1997,46,0.09,44.38,35.44,Autumn,297,Oct,10,1997
chic,10/25/1997,47,14.76,37.88,22.03,Autumn,298,Oct,10,1997
chic,10/26/1997,40,21.23,36,4.44,Autumn,299,Oct,10,1997
chic,10/27/1997,32.5,11.21,25.57,12.49,Autumn,300,Oct,10,1997
chic,10/28/1997,39,4.55,36.13,40.24,Autumn,301,Oct,10,1997
chic,10/29/1997,44,2.43,36,49.59,Autumn,302,Oct,10,1997
chic,10/30/1997,51,11,50.25,60.63,Autumn,303,Oct,10,1997
chic,10/31/1997,59.5,11.13,52.5,37.54,Autumn,304,Oct,10,1997
chic,1997/01/11,50,8.28,36.13,14.6,Autumn,305,Nov,11,1997
chic,1997/02/11,38.5,9.84,30.13,3.59,Autumn,306,Nov,11,1997
chic,1997/03/11,36.5,1.57,34.13,17.64,Autumn,307,Nov,11,1997
chic,1997/04/11,39,0.95,35.25,19.95,Autumn,308,Nov,11,1997
chic,1997/05/11,40,3.91,40.5,29.92,Autumn,309,Nov,11,1997
chic,1997/06/11,45,6.82,39.88,22.14,Autumn,310,Nov,11,1997
chic,1997/07/11,43,17.82,35.25,11.98,Autumn,311,Nov,11,1997
chic,1997/08/11,44,14.07,34.13,17.99,Autumn,312,Nov,11,1997
chic,1997/09/11,42.5,8.69,34.88,20.96,Autumn,313,Nov,11,1997
chic,1997/10/11,36.5,9.43,22.13,14.76,Autumn,314,Nov,11,1997
chic,1997/11/11,28.5,6.33,18.25,18.7,Autumn,315,Nov,11,1997
chic,1997/12/11,26.5,7.31,16.75,29.42,Autumn,316,Nov,11,1997
chic,11/13/1997,31.5,8.29,22.25,33.62,Autumn,317,Nov,11,1997
chic,11/14/1997,36,16.12,31.25,14.35,Autumn,318,Nov,11,1997
chic,11/15/1997,29,8.69,24.38,12.16,Autumn,319,Nov,11,1997
chic,11/16/1997,22,14.94,14,7.19,Autumn,320,Nov,11,1997
chic,11/17/1997,25.5,6.96,24,46.01,Autumn,321,Nov,11,1997
chic,11/18/1997,32,6.57,25.13,37.6,Autumn,322,Nov,11,1997
chic,11/19/1997,27.5,4.49,22.63,38.79,Autumn,323,Nov,11,1997
chic,11/20/1997,33.5,3.39,37.5,58.74,Autumn,324,Nov,11,1997
chic,11/21/1997,35.5,19.42,29.63,15.81,Autumn,325,Nov,11,1997
chic,11/22/1997,34.5,10.62,25.63,31.78,Autumn,326,Nov,11,1997
chic,11/23/1997,26,12.32,20.75,12.89,Autumn,327,Nov,11,1997
chic,11/24/1997,26.5,7.09,17.13,32.09,Autumn,328,Nov,11,1997
chic,11/25/1997,47,9.8,41.25,53.83,Autumn,329,Nov,11,1997
chic,11/26/1997,43,9.03,23.63,33.73,Autumn,330,Nov,11,1997
chic,11/27/1997,37.5,7.28,39,27.51,Autumn,331,Nov,11,1997
chic,11/28/1997,49,5,45.25,26.46,Autumn,332,Nov,11,1997
chic,11/29/1997,45.5,5.48,47.13,47.38,Autumn,333,Nov,11,1997
chic,11/30/1997,42,15.48,31.88,16.48,Autumn,334,Nov,11,1997
chic,1997/01/12,37,21.89,31.13,2.33,Autumn,335,Dec,12,1997
chic,1997/02/12,36.5,9.03,30,28.29,Autumn,336,Dec,12,1997
chic,1997/03/12,36.5,2.98,32.75,27.46,Autumn,337,Dec,12,1997
chic,1997/04/12,32,6.67,21.38,10.36,Autumn,338,Dec,12,1997
chic,1997/05/12,26,5.71,17.38,17.47,Autumn,339,Dec,12,1997
chic,1997/06/12,28.5,8.99,25.75,19.83,Autumn,340,Dec,12,1997
chic,1997/07/12,30,9.58,27,12.59,Autumn,341,Dec,12,1997
chic,1997/08/12,28.5,6.16,26.88,26.54,Autumn,342,Dec,12,1997
chic,1997/09/12,33,3.33,30.63,36.52,Autumn,343,Dec,12,1997
chic,1997/10/12,34.5,13.86,31,7.69,Autumn,344,Dec,12,1997
chic,1997/11/12,33.5,17.91,25,9.75,Autumn,345,Dec,12,1997
chic,1997/12/12,27.5,10.49,21.25,25.08,Autumn,346,Dec,12,1997
chic,12/13/1997,26.5,6.91,22.25,22.93,Autumn,347,Dec,12,1997
chic,12/14/1997,31,5.32,25.88,31.88,Autumn,348,Dec,12,1997
chic,12/15/1997,37.5,4.51,30.88,48.89,Autumn,349,Dec,12,1997
chic,12/16/1997,39,5.06,30,52.99,Autumn,350,Dec,12,1997
chic,12/17/1997,37,7.97,26.5,47.96,Autumn,351,Dec,12,1997
chic,12/18/1997,38.5,4.12,32.75,44.69,Autumn,352,Dec,12,1997
chic,12/19/1997,40.5,3.52,33.13,52.02,Autumn,353,Dec,12,1997
chic,12/20/1997,33,9.07,23.88,14.13,Autumn,354,Dec,12,1997
chic,12/21/1997,32.5,16.47,25,13.25,Autumn,355,Dec,12,1997
chic,12/22/1997,34.5,7.36,33,14.21,Autumn,356,Dec,12,1997
chic,12/23/1997,34,3.88,27.63,38.3,Autumn,357,Dec,12,1997
chic,12/24/1997,34,6.74,31.5,31.46,Autumn,358,Dec,12,1997
chic,12/25/1997,30.5,7.61,24.5,13.37,Autumn,359,Dec,12,1997
chic,12/26/1997,28.5,5.77,23.75,23.33,Autumn,360,Dec,12,1997
chic,12/27/1997,23,6.41,13.75,16.29,Autumn,361,Dec,12,1997
chic,12/28/1997,25.5,6.11,28.75,28.19,Autumn,362,Dec,12,1997
chic,12/29/1997,29.5,3.82,23.63,22.27,Autumn,363,Dec,12,1997
chic,12/30/1997,21.5,6.97,17.25,23.93,Autumn,364,Dec,12,1997
chic,12/31/1997,18,11.42,5.25,26.38,Autumn,365,Dec,12,1997
chic,1998/01/01,28,14.27,22.5,23.39,Winter,1,Jan,1,1998
chic,1998/02/01,44,9.94,35.9,39.42,Winter,2,Jan,1,1998
chic,1998/03/01,47,11.83,46.9,27.26,Winter,3,Jan,1,1998
chic,1998/04/01,45,8.87,40,10.27,Winter,4,Jan,1,1998
chic,1998/05/01,48,5,46.7,20.06,Winter,5,Jan,1,1998
chic,1998/06/01,43,9.03,41.1,39.18,Winter,6,Jan,1,1998
chic,1998/07/01,38,16.45,34.2,NA,Winter,7,Jan,1,1998
chic,1998/08/01,34,17.75,30.8,0.33,Winter,8,Jan,1,1998
chic,1998/09/01,25,12.86,25.3,15.18,Winter,9,Jan,1,1998
chic,1998/10/01,12,13.24,2.8,19.24,Winter,10,Jan,1,1998
chic,1998/11/01,18,8.14,7.1,30.81,Winter,11,Jan,1,1998
chic,1998/12/01,23,3.3,20.6,27.3,Winter,12,Jan,1,1998
chic,1/13/1998,7,7.92,-6,40.18,Winter,13,Jan,1,1998
chic,1/14/1998,17,10.89,15.4,45.19,Winter,14,Jan,1,1998
chic,1/15/1998,28,6.02,23.1,28.25,Winter,15,Jan,1,1998
chic,1/16/1998,28,10.6,23.6,17.29,Winter,16,Jan,1,1998
chic,1/17/1998,23,4.68,21.9,33.85,Winter,17,Jan,1,1998
chic,1/18/1998,16,5.13,13.5,36.25,Winter,18,Jan,1,1998
chic,1/19/1998,24,3.27,19.1,41.26,Winter,19,Jan,1,1998
chic,1/20/1998,26,4.98,21.3,58.23,Winter,20,Jan,1,1998
chic,1/21/1998,31,5.61,26.8,36.03,Winter,21,Jan,1,1998
chic,1/22/1998,32,2.86,29.9,36,Winter,22,Jan,1,1998
chic,1/23/1998,28,3.14,25.8,39.35,Winter,23,Jan,1,1998
chic,1/24/1998,28,3.83,24.2,42.2,Winter,24,Jan,1,1998
chic,1/25/1998,28,10.64,22.9,24.31,Winter,25,Jan,1,1998
chic,1/26/1998,31,3.28,28.6,43.3,Winter,26,Jan,1,1998
chic,1/27/1998,33,2.99,30.4,32.62,Winter,27,Jan,1,1998
chic,1/28/1998,36,2.92,32.5,38.58,Winter,28,Jan,1,1998
chic,1/29/1998,37,6,30.6,31.08,Winter,29,Jan,1,1998
chic,1/30/1998,31,7.49,25.6,18.61,Winter,30,Jan,1,1998
chic,1/31/1998,35,6.84,29.1,36.73,Winter,31,Jan,1,1998
chic,1998/01/02,39,8.64,31,25.64,Winter,32,Feb,2,1998
chic,1998/02/02,33,12.3,26.6,16.99,Winter,33,Feb,2,1998
chic,1998/03/02,34,15.97,28.9,24.95,Winter,34,Feb,2,1998
chic,1998/04/02,32,26.75,25.6,13.99,Winter,35,Feb,2,1998
chic,1998/05/02,32,29.56,27.4,5.88,Winter,36,Feb,2,1998
chic,1998/06/02,36,24.88,29.4,13.92,Winter,37,Feb,2,1998
chic,1998/07/02,34,20.97,28.7,28.99,Winter,38,Feb,2,1998
chic,1998/08/02,33,25.92,28.3,26.05,Winter,39,Feb,2,1998
chic,1998/09/02,35,5.95,28.8,87.07,Winter,40,Feb,2,1998
chic,1998/10/02,39,7.62,33.9,64.65,Winter,41,Feb,2,1998
chic,1998/11/02,41,5.36,38.6,33,Winter,42,Feb,2,1998
chic,1998/12/02,35,15.2,28.3,11.95,Winter,43,Feb,2,1998
chic,2/13/1998,36,8.39,31.4,35.81,Winter,44,Feb,2,1998
chic,2/14/1998,38,8.32,31,32.8,Winter,45,Feb,2,1998
chic,2/15/1998,43,10.15,32,27.83,Winter,46,Feb,2,1998
chic,2/16/1998,42,11.7,35.3,34.61,Winter,47,Feb,2,1998
chic,2/17/1998,41,13.07,38.8,14.75,Winter,48,Feb,2,1998
chic,2/18/1998,39,19.05,35.3,NA,Winter,49,Feb,2,1998
chic,2/19/1998,40,8.96,35,20.68,Winter,50,Feb,2,1998
chic,2/20/1998,39,12.29,33.5,20.97,Winter,51,Feb,2,1998
chic,2/21/1998,38,15.88,30.1,16.9,Winter,52,Feb,2,1998
chic,2/22/1998,44,15.25,35,40.73,Winter,53,Feb,2,1998
chic,2/23/1998,41,21.21,29.7,31.71,Winter,54,Feb,2,1998
chic,2/24/1998,45,10.77,36.7,40.7,Winter,55,Feb,2,1998
chic,2/25/1998,42,20.45,34.6,41.66,Winter,56,Feb,2,1998
chic,2/26/1998,54,17.13,36.7,38.84,Winter,57,Feb,2,1998
chic,2/27/1998,42,16.7,37.7,29.78,Winter,58,Feb,2,1998
chic,2/28/1998,41,14.24,33.2,22.83,Winter,59,Feb,2,1998
chic,1998/01/03,35,14.02,28.5,7.85,Winter,60,Mar,3,1998
chic,1998/02/03,33,7.96,31.5,17.82,Winter,61,Mar,3,1998
chic,1998/03/03,34,19.97,30.4,6.67,Winter,62,Mar,3,1998
chic,1998/04/03,34,23.21,24.1,14.94,Winter,63,Mar,3,1998
chic,1998/05/03,36,22.09,24.1,10.81,Winter,64,Mar,3,1998
chic,1998/06/03,34,12.62,27.9,33.54,Winter,65,Mar,3,1998
chic,1998/07/03,36,25.16,28.1,28.82,Winter,66,Mar,3,1998
chic,1998/08/03,38,24.55,34.2,12.8,Winter,67,Mar,3,1998
chic,1998/09/03,26,31.16,20.7,21.89,Winter,68,Mar,3,1998
chic,1998/10/03,18,21.88,4.9,15.61,Winter,69,Mar,3,1998
chic,1998/11/03,18,18.32,2.3,17.65,Winter,70,Mar,3,1998
chic,1998/12/03,18,14.6,6.7,37.64,Winter,71,Mar,3,1998
chic,3/13/1998,29,17.41,20.7,50.46,Winter,72,Mar,3,1998
chic,3/14/1998,28,27.82,14,15.37,Winter,73,Mar,3,1998
chic,3/15/1998,27,30.46,20.9,13.29,Winter,74,Mar,3,1998
chic,3/16/1998,30,29.84,22.6,21.57,Winter,75,Mar,3,1998
chic,3/17/1998,36,15.9,31.7,35.75,Winter,76,Mar,3,1998
chic,3/18/1998,45,5.55,41.9,37.46,Winter,77,Mar,3,1998
chic,3/19/1998,37,21.21,34.2,3.89,Winter,78,Mar,3,1998
chic,3/20/1998,35,38.81,27.1,6.04,Winter,79,Mar,3,1998
chic,3/21/1998,37,37.16,24.7,3.01,Winter,80,Mar,3,1998
chic,3/22/1998,36,28.55,22.6,9.15,Winter,81,Mar,3,1998
chic,3/23/1998,38,17.56,21.6,38.14,Winter,82,Mar,3,1998
chic,3/24/1998,40,16.06,23.3,32.71,Winter,83,Mar,3,1998
chic,3/25/1998,51,19.81,38.6,38.16,Winter,84,Mar,3,1998
chic,3/26/1998,68,32.85,53.9,95.11,Winter,85,Mar,3,1998
chic,3/27/1998,67,32.38,52.3,100.06,Winter,86,Mar,3,1998
chic,3/28/1998,57,29.98,50.9,16.24,Winter,87,Mar,3,1998
chic,3/29/1998,62,22.79,54.3,42.23,Winter,88,Mar,3,1998
chic,3/30/1998,73,25.77,59.4,31.34,Winter,89,Mar,3,1998
chic,3/31/1998,59,22.89,51.7,28.22,Winter,90,Mar,3,1998
chic,1998/01/04,44,19.8,36.6,16.16,Spring,91,Apr,4,1998
chic,1998/02/04,44,13.98,37.1,13.51,Spring,92,Apr,4,1998
chic,1998/03/04,41,19.26,35,13.48,Spring,93,Apr,4,1998
chic,1998/04/04,41,28.32,28.1,5.7,Spring,94,Apr,4,1998
chic,1998/05/04,41,20.06,23.7,16.49,Spring,95,Apr,4,1998
chic,1998/06/04,48,18.76,32.6,31.82,Spring,96,Apr,4,1998
chic,1998/07/04,52,18.15,39.4,49.94,Spring,97,Apr,4,1998
chic,1998/08/04,48,8.66,46.3,20.93,Spring,98,Apr,4,1998
chic,1998/09/04,43,25.58,32.8,10.7,Spring,99,Apr,4,1998
chic,1998/10/04,46,25.11,27,16.72,Spring,100,Apr,4,1998
chic,1998/11/04,50,21.05,34.9,32.44,Spring,101,Apr,4,1998
chic,1998/12/04,64,42.95,38.5,40.64,Spring,102,Apr,4,1998
chic,4/13/1998,62,31.74,46.7,49.62,Spring,103,Apr,4,1998
chic,4/14/1998,58,21.23,48.1,23.89,Spring,104,Apr,4,1998
chic,4/15/1998,53,12.92,46.6,47.73,Spring,105,Apr,4,1998
chic,4/16/1998,42,10.35,40,9.77,Spring,106,Apr,4,1998
chic,4/17/1998,45,17.44,30.2,21.14,Spring,107,Apr,4,1998
chic,4/18/1998,50,19.91,32.1,41.72,Spring,108,Apr,4,1998
chic,4/19/1998,52,28.16,33,27.82,Spring,109,Apr,4,1998
chic,4/20/1998,52,22.49,40.8,45.8,Spring,110,Apr,4,1998
chic,4/21/1998,50,29.65,46.2,28.54,Spring,111,Apr,4,1998
chic,4/22/1998,53,30.23,37.1,23.55,Spring,112,Apr,4,1998
chic,4/23/1998,56,18.24,35.6,44.81,Spring,113,Apr,4,1998
chic,4/24/1998,62,26.2,36.5,48.55,Spring,114,Apr,4,1998
chic,4/25/1998,56,29.51,46.8,40.49,Spring,115,Apr,4,1998
chic,4/26/1998,48,26.92,43.3,25.63,Spring,116,Apr,4,1998
chic,4/27/1998,45,30.86,27.5,10.8,Spring,117,Apr,4,1998
chic,4/28/1998,46,21.7,33.8,28.59,Spring,118,Apr,4,1998
chic,4/29/1998,54,12.8,48.4,52.84,Spring,119,Apr,4,1998
chic,4/30/1998,55,9.75,51.3,37.7,Spring,120,Apr,4,1998
chic,1998/01/05,59,12.03,53.7,26.74,Spring,121,May,5,1998
chic,1998/02/05,57,18.55,52,41.78,Spring,122,May,5,1998
chic,1998/03/05,53,21.61,50.3,19.49,Spring,123,May,5,1998
chic,1998/04/05,60,20.3,47,28.48,Spring,124,May,5,1998
chic,1998/05/05,62,19.04,54.1,44.08,Spring,125,May,5,1998
chic,1998/06/05,68,23.59,56.8,39.54,Spring,126,May,5,1998
chic,1998/07/05,57,23.08,56,34.56,Spring,127,May,5,1998
chic,1998/08/05,62,34.82,51.3,19.74,Spring,128,May,5,1998
chic,1998/09/05,58,24.64,43.5,13.76,Spring,129,May,5,1998
chic,1998/10/05,58,26.73,40.1,9.74,Spring,130,May,5,1998
chic,1998/11/05,61,21.61,48.1,30.59,Spring,131,May,5,1998
chic,1998/12/05,63,33.36,55.1,57.65,Spring,132,May,5,1998
chic,5/13/1998,68,29.76,52.5,40.62,Spring,133,May,5,1998
chic,5/14/1998,68,33.67,55.4,52.67,Spring,134,May,5,1998
chic,5/15/1998,75,36.31,65.8,110.6,Spring,135,May,5,1998
chic,5/16/1998,72,34.45,50.9,34.56,Spring,136,May,5,1998
chic,5/17/1998,68,26.13,49.2,35.01,Spring,137,May,5,1998
chic,5/18/1998,76,35.23,49.4,101.49,Spring,138,May,5,1998
chic,5/19/1998,79,35.47,61,91.55,Spring,139,May,5,1998
chic,5/20/1998,65,20.62,52.8,45.45,Spring,140,May,5,1998
chic,5/21/1998,64,25.15,46.9,33.45,Spring,141,May,5,1998
chic,5/22/1998,57,20.57,47.9,28.58,Spring,142,May,5,1998
chic,5/23/1998,61,32.03,45.5,33.42,Spring,143,May,5,1998
chic,5/24/1998,61,31.69,54.3,27.46,Spring,144,May,5,1998
chic,5/25/1998,62,35.92,48.3,16.39,Spring,145,May,5,1998
chic,5/26/1998,63,24.91,45.7,38.36,Spring,146,May,5,1998
chic,5/27/1998,67,35.26,52.8,69.34,Spring,147,May,5,1998
chic,5/28/1998,75,31.38,64.3,82.38,Spring,148,May,5,1998
chic,5/29/1998,74,26.88,62.3,30.29,Spring,149,May,5,1998
chic,5/30/1998,73,32.14,62.7,60.23,Spring,150,May,5,1998
chic,5/31/1998,70,37.7,60.2,34.21,Spring,151,May,5,1998
chic,1998/01/06,63,25.49,45.7,28.44,Spring,152,Jun,6,1998
chic,1998/02/06,63,24.49,50.7,38.1,Spring,153,Jun,6,1998
chic,1998/03/06,55,13.02,45.7,23.08,Spring,154,Jun,6,1998
chic,1998/04/06,56,22.17,37.7,26.57,Spring,155,Jun,6,1998
chic,1998/05/06,50,19.24,41.6,10.92,Spring,156,Jun,6,1998
chic,1998/06/06,54,7.45,38.9,16.87,Spring,157,Jun,6,1998
chic,1998/07/06,58,21.54,41.1,11.06,Spring,158,Jun,6,1998
chic,1998/08/06,56,16.81,46,42.71,Spring,159,Jun,6,1998
chic,1998/09/06,61,15.93,59,24.72,Spring,160,Jun,6,1998
chic,1998/10/06,68,21.18,58,38.32,Spring,161,Jun,6,1998
chic,1998/11/06,68,17.51,65.8,37.7,Spring,162,Jun,6,1998
chic,1998/12/06,74,30.77,61.5,22.66,Spring,163,Jun,6,1998
chic,6/13/1998,69,31.84,58.2,16.76,Spring,164,Jun,6,1998
chic,6/14/1998,67,27.27,57.5,28.63,Spring,165,Jun,6,1998
chic,6/15/1998,70,27.16,58.7,24.57,Spring,166,Jun,6,1998
chic,6/16/1998,70,13.79,61.2,40.08,Spring,167,Jun,6,1998
chic,6/17/1998,73,20.75,63.7,38.72,Spring,168,Jun,6,1998
chic,6/18/1998,77,34.5,69.3,56.8,Spring,169,Jun,6,1998
chic,6/19/1998,73,29.72,61.2,34.66,Spring,170,Jun,6,1998
chic,6/20/1998,78,31.85,68,39.64,Spring,171,Jun,6,1998
chic,6/21/1998,79,32.43,66,14.64,Spring,172,Jun,6,1998
chic,6/22/1998,74,26.98,61.9,32.08,Spring,173,Jun,6,1998
chic,6/23/1998,74,39.89,60.6,38.58,Spring,174,Jun,6,1998
chic,6/24/1998,83,34.97,70.2,74.61,Spring,175,Jun,6,1998
chic,6/25/1998,83,41.96,70.8,66.62,Spring,176,Jun,6,1998
chic,6/26/1998,79,37.49,68.4,45.45,Spring,177,Jun,6,1998
chic,6/27/1998,82,47.71,70.3,44.41,Spring,178,Jun,6,1998
chic,6/28/1998,78,37.75,69,24.51,Spring,179,Jun,6,1998
chic,6/29/1998,77,19.73,68.2,33.34,Spring,180,Jun,6,1998
chic,6/30/1998,74,25.36,60.5,18.33,Spring,181,Jun,6,1998
chic,1998/01/07,70,23.14,56.7,29.47,Summer,182,Jul,7,1998
chic,1998/02/07,73,25.67,57.8,56.33,Summer,183,Jul,7,1998
chic,1998/03/07,79,32.12,65.4,50.35,Summer,184,Jul,7,1998
chic,1998/04/07,69,24.82,62.4,24.93,Summer,185,Jul,7,1998
chic,1998/05/07,70,24.73,56.3,14.38,Summer,186,Jul,7,1998
chic,1998/06/07,78,27.79,69,42.37,Summer,187,Jul,7,1998
chic,1998/07/07,72,33.64,66.7,32.49,Summer,188,Jul,7,1998
chic,1998/08/07,74,33.92,64.9,22.53,Summer,189,Jul,7,1998
chic,1998/09/07,75,32.25,64.2,40.52,Summer,190,Jul,7,1998
chic,1998/10/07,73,29.89,62.4,32.85,Summer,191,Jul,7,1998
chic,1998/11/07,71,37.64,55.9,21.44,Summer,192,Jul,7,1998
chic,1998/12/07,71,37.82,55.6,24.44,Summer,193,Jul,7,1998
chic,7/13/1998,73,34.18,60.3,74.39,Summer,194,Jul,7,1998
chic,7/14/1998,78,37.13,67.1,87.37,Summer,195,Jul,7,1998
chic,7/15/1998,79,36.65,66.1,58.48,Summer,196,Jul,7,1998
chic,7/16/1998,80,21.71,57.9,33.39,Summer,197,Jul,7,1998
chic,7/17/1998,75,27.47,64.7,43.5,Summer,198,Jul,7,1998
chic,7/18/1998,77,30.66,65.5,63.47,Summer,199,Jul,7,1998
chic,7/19/1998,81,32.89,71.8,33.46,Summer,200,Jul,7,1998
chic,7/20/1998,79,26.47,68.1,37.18,Summer,201,Jul,7,1998
chic,7/21/1998,85,34.04,72.9,57.21,Summer,202,Jul,7,1998
chic,7/22/1998,76,17.85,67.6,24.6,Summer,203,Jul,7,1998
chic,7/23/1998,73,19.65,56.6,38.16,Summer,204,Jul,7,1998
chic,7/24/1998,72,20.5,51.1,26.21,Summer,205,Jul,7,1998
chic,7/25/1998,70,23.92,55.4,28.23,Summer,206,Jul,7,1998
chic,7/26/1998,70,27.1,56.8,19.21,Summer,207,Jul,7,1998
chic,7/27/1998,74,26.82,65.1,39.24,Summer,208,Jul,7,1998
chic,7/28/1998,79,24.4,64.9,43.75,Summer,209,Jul,7,1998
chic,7/29/1998,77,32.26,55.2,21.22,Summer,210,Jul,7,1998
chic,7/30/1998,72,19.68,57.5,30.25,Summer,211,Jul,7,1998
chic,7/31/1998,71,24.12,54.7,13.26,Summer,212,Jul,7,1998
chic,1998/01/08,72,30.5,57.3,29.27,Summer,213,Aug,8,1998
chic,1998/02/08,72,38.51,55.9,26.31,Summer,214,Aug,8,1998
chic,1998/03/08,78,32.45,64.8,62.21,Summer,215,Aug,8,1998
chic,1998/04/08,70,20.05,68.6,29.34,Summer,216,Aug,8,1998
chic,1998/05/08,76,22.01,70.7,27.29,Summer,217,Aug,8,1998
chic,1998/06/08,78,19.95,71.3,39.51,Summer,218,Aug,8,1998
chic,1998/07/08,75,10.17,70.8,33.32,Summer,219,Aug,8,1998
chic,1998/08/08,77,18.4,70.7,33.3,Summer,220,Aug,8,1998
chic,1998/09/08,77,20.85,70.1,36.23,Summer,221,Aug,8,1998
chic,1998/10/08,76,27.53,68.5,35.29,Summer,222,Aug,8,1998
chic,1998/11/08,71,23.37,63.4,36.5,Summer,223,Aug,8,1998
chic,1998/12/08,70,28.84,60.9,31.16,Summer,224,Aug,8,1998
chic,8/13/1998,71,30.87,60.2,40.01,Summer,225,Aug,8,1998
chic,8/14/1998,71,25.8,64.4,64,Summer,226,Aug,8,1998
chic,8/15/1998,71,20.89,64.3,29.81,Summer,227,Aug,8,1998
chic,8/16/1998,72,27.01,62.9,24.02,Summer,228,Aug,8,1998
chic,8/17/1998,75,22.61,69,52.94,Summer,229,Aug,8,1998
chic,8/18/1998,68,20.99,63.9,14.92,Summer,230,Aug,8,1998
chic,8/19/1998,69,20.14,55.1,36.81,Summer,231,Aug,8,1998
chic,8/20/1998,73,24.54,65.4,61.81,Summer,232,Aug,8,1998
chic,8/21/1998,80,31,70.8,48.81,Summer,233,Aug,8,1998
chic,8/22/1998,78,32.91,69.5,47.87,Summer,234,Aug,8,1998
chic,8/23/1998,81,43.65,71.2,62.91,Summer,235,Aug,8,1998
chic,8/24/1998,76,17.91,71.4,51.81,Summer,236,Aug,8,1998
chic,8/25/1998,76,24.3,63.9,29.85,Summer,237,Aug,8,1998
chic,8/26/1998,73,25.26,60.9,33.81,Summer,238,Aug,8,1998
chic,8/27/1998,72,26.21,64.5,34.01,Summer,239,Aug,8,1998
chic,8/28/1998,69,12.25,66.4,35.82,Summer,240,Aug,8,1998
chic,8/29/1998,76,20.44,63.1,26.8,Summer,241,Aug,8,1998
chic,8/30/1998,70,21.82,55.7,16.9,Summer,242,Aug,8,1998
chic,8/31/1998,69,18.75,54.6,28.77,Summer,243,Aug,8,1998
chic,1998/01/09,69,16.85,58.5,54.73,Summer,244,Sep,9,1998
chic,1998/02/09,65,20.3,50.1,45.75,Summer,245,Sep,9,1998
chic,1998/03/09,68,23.61,57.9,50.72,Summer,246,Sep,9,1998
chic,1998/04/09,69,35.04,54.2,29.66,Summer,247,Sep,9,1998
chic,1998/05/09,70,31.4,61.4,51.6,Summer,248,Sep,9,1998
chic,1998/06/09,81,47.56,70.4,47.58,Summer,249,Sep,9,1998
chic,1998/07/09,66,28.27,57.1,22.49,Summer,250,Sep,9,1998
chic,1998/08/09,63,16.02,46.9,16.26,Summer,251,Sep,9,1998
chic,1998/09/09,63,14.5,50.3,17.55,Summer,252,Sep,9,1998
chic,1998/10/09,63,14.4,52.8,53.56,Summer,253,Sep,9,1998
chic,1998/11/09,71,27.51,53.1,48.6,Summer,254,Sep,9,1998
chic,1998/12/09,74,35.2,56.7,60.7,Summer,255,Sep,9,1998
chic,9/13/1998,74,35.25,62.7,68.73,Summer,256,Sep,9,1998
chic,9/14/1998,72,21.46,67.5,48.29,Summer,257,Sep,9,1998
chic,9/15/1998,70,14.43,67,16.6,Summer,258,Sep,9,1998
chic,9/16/1998,72,23.7,64.9,17.61,Summer,259,Sep,9,1998
chic,9/17/1998,68,27,58.4,27.65,Summer,260,Sep,9,1998
chic,9/18/1998,68,27.27,57.8,42.49,Summer,261,Sep,9,1998
chic,9/19/1998,72,35.91,60.9,66.42,Summer,262,Sep,9,1998
chic,9/20/1998,76,19.9,66.3,48.98,Summer,263,Sep,9,1998
chic,9/21/1998,63,12.86,51.8,13.36,Summer,264,Sep,9,1998
chic,9/22/1998,58,18.15,47.7,10.35,Summer,265,Sep,9,1998
chic,9/23/1998,56,10.25,41.5,28.46,Summer,266,Sep,9,1998
chic,9/24/1998,59,6.45,53.6,44.38,Summer,267,Sep,9,1998
chic,9/25/1998,66,10.82,64.1,73.58,Summer,268,Sep,9,1998
chic,9/26/1998,79,36.95,65.8,55.42,Summer,269,Sep,9,1998
chic,9/27/1998,73,30.33,63.8,33.65,Summer,270,Sep,9,1998
chic,9/28/1998,63,17.53,52.5,30.69,Summer,271,Sep,9,1998
chic,9/29/1998,63,6.85,57,48.61,Summer,272,Sep,9,1998
chic,9/30/1998,64,13.37,57.9,40.59,Summer,273,Sep,9,1998
chic,1998/01/10,53,9.79,35.7,11.5,Autumn,274,Oct,10,1998
chic,1998/02/10,49,10.82,41.9,23.4,Autumn,275,Oct,10,1998
chic,1998/03/10,55,19.17,49.3,5.33,Autumn,276,Oct,10,1998
chic,1998/04/10,60,19.16,50.3,8.3,Autumn,277,Oct,10,1998
chic,1998/05/10,65,9.78,61.4,42.29,Autumn,278,Oct,10,1998
chic,1998/06/10,65,9.22,61.2,15.34,Autumn,279,Oct,10,1998
chic,1998/07/10,56,3.88,49.2,15.31,Autumn,280,Oct,10,1998
chic,1998/08/10,54,11.31,44.8,13,Autumn,281,Oct,10,1998
chic,1998/09/10,53,4.48,45.6,34.27,Autumn,282,Oct,10,1998
chic,1998/10/10,53,7.98,46.4,57.28,Autumn,283,Oct,10,1998
chic,1998/11/10,56,19.49,49.1,36.39,Autumn,284,Oct,10,1998
chic,1998/12/10,60,10.05,46.9,42.46,Autumn,285,Oct,10,1998
chic,10/13/1998,49,5.86,36.8,22.49,Autumn,286,Oct,10,1998
chic,10/14/1998,48,4.29,40.4,26.74,Autumn,287,Oct,10,1998
chic,10/15/1998,58,6.19,48.4,30.43,Autumn,288,Oct,10,1998
chic,10/16/1998,68,23.33,57.2,50.43,Autumn,289,Oct,10,1998
chic,10/17/1998,67,22.95,64.4,56.47,Autumn,290,Oct,10,1998
chic,10/18/1998,57,15.74,48.1,10.53,Autumn,291,Oct,10,1998
chic,10/19/1998,52,7.96,39.2,27.48,Autumn,292,Oct,10,1998
chic,10/20/1998,50,9.54,33.9,21.08,Autumn,293,Oct,10,1998
chic,10/21/1998,48,9.52,34.5,11.46,Autumn,294,Oct,10,1998
chic,10/22/1998,45,6.53,31.1,21.43,Autumn,295,Oct,10,1998
chic,10/23/1998,52,6.88,36.3,50.62,Autumn,296,Oct,10,1998
chic,10/24/1998,54,10.28,38.9,55.73,Autumn,297,Oct,10,1998
chic,10/25/1998,55,7.28,44.8,37.78,Autumn,298,Oct,10,1998
chic,10/26/1998,62,9.45,49.7,55.81,Autumn,299,Oct,10,1998
chic,10/27/1998,63,4.56,58.6,86.7,Autumn,300,Oct,10,1998
chic,10/28/1998,54,11.92,52.3,14.73,Autumn,301,Oct,10,1998
chic,10/29/1998,52,3.61,51.9,35.63,Autumn,302,Oct,10,1998
chic,10/30/1998,61,0.78,58.4,44.69,Autumn,303,Oct,10,1998
chic,10/31/1998,57,3.35,52.7,10.68,Autumn,304,Oct,10,1998
chic,1998/01/11,54,19.11,50,11.26,Autumn,305,Nov,11,1998
chic,1998/02/11,49,21.75,39.8,6.61,Autumn,306,Nov,11,1998
chic,1998/03/11,41,28.14,33.4,5.47,Autumn,307,Nov,11,1998
chic,1998/04/11,37,21.75,32.8,10.33,Autumn,308,Nov,11,1998
chic,1998/05/11,39,5.92,27.4,21.33,Autumn,309,Nov,11,1998
chic,1998/06/11,38,8.33,25.8,20.33,Autumn,310,Nov,11,1998
chic,1998/07/11,35,6.6,26.1,39.77,Autumn,311,Nov,11,1998
chic,1998/08/11,37,6.74,31.8,32.36,Autumn,312,Nov,11,1998
chic,1998/09/11,43,8.35,37.3,52.29,Autumn,313,Nov,11,1998
chic,1998/10/11,52,14.62,41.2,39.04,Autumn,314,Nov,11,1998
chic,1998/11/11,41,16.47,28.5,28.32,Autumn,315,Nov,11,1998
chic,1998/12/11,40,4.69,31.1,31.37,Autumn,316,Nov,11,1998
chic,11/13/1998,43,11.5,34.6,33.77,Autumn,317,Nov,11,1998
chic,11/14/1998,50,9.72,40.2,28.63,Autumn,318,Nov,11,1998
chic,11/15/1998,43,16.87,32.2,12.59,Autumn,319,Nov,11,1998
chic,11/16/1998,48,6.47,39.1,30.41,Autumn,320,Nov,11,1998
chic,11/17/1998,42,7.1,34.6,24.5,Autumn,321,Nov,11,1998
chic,11/18/1998,48,6.96,38.7,46.68,Autumn,322,Nov,11,1998
chic,11/19/1998,45,8.32,31.1,26.16,Autumn,323,Nov,11,1998
chic,11/20/1998,31,7.94,24.4,12.56,Autumn,324,Nov,11,1998
chic,11/21/1998,34,8.49,24.4,31.6,Autumn,325,Nov,11,1998
chic,11/22/1998,49,14.18,34.9,58.51,Autumn,326,Nov,11,1998
chic,11/23/1998,50,13.11,35.4,38.4,Autumn,327,Nov,11,1998
chic,11/24/1998,46,5.46,30.1,32.34,Autumn,328,Nov,11,1998
chic,11/25/1998,50,4.07,35.8,34.38,Autumn,329,Nov,11,1998
chic,11/26/1998,50,9.81,32.3,19.4,Autumn,330,Nov,11,1998
chic,11/27/1998,48,5.62,35.7,62.5,Autumn,331,Nov,11,1998
chic,11/28/1998,54,10.61,48.6,43.41,Autumn,332,Nov,11,1998
chic,11/29/1998,63,13.24,58.4,57.64,Autumn,333,Nov,11,1998
chic,11/30/1998,52,12.61,50.7,34.62,Autumn,334,Nov,11,1998
chic,1998/01/12,45,6.67,37.7,24.78,Autumn,335,Dec,12,1998
chic,1998/02/12,55,8.23,45.8,36.67,Autumn,336,Dec,12,1998
chic,1998/03/12,61,8.49,54.9,43.69,Autumn,337,Dec,12,1998
chic,1998/04/12,61,3.66,59.3,54.61,Autumn,338,Dec,12,1998
chic,1998/05/12,59,8.07,56.6,33.47,Autumn,339,Dec,12,1998
chic,1998/06/12,50,8.09,49.2,11.38,Autumn,340,Dec,12,1998
chic,1998/07/12,39,18.65,31.6,10.74,Autumn,341,Dec,12,1998
chic,1998/08/12,38,6.11,29,23.32,Autumn,342,Dec,12,1998
chic,1998/09/12,39,6.53,29.5,29.25,Autumn,343,Dec,12,1998
chic,1998/10/12,35,5.01,29,18.99,Autumn,344,Dec,12,1998
chic,1998/11/12,39,6.12,26.1,26.06,Autumn,345,Dec,12,1998
chic,1998/12/12,38,7.12,26.1,29.01,Autumn,346,Dec,12,1998
chic,12/13/1998,38,13.01,31.2,25.82,Autumn,347,Dec,12,1998
chic,12/14/1998,36,7.85,32.1,54.04,Autumn,348,Dec,12,1998
chic,12/15/1998,44,6.42,31.2,31.09,Autumn,349,Dec,12,1998
chic,12/16/1998,37,5.78,27.2,14.08,Autumn,350,Dec,12,1998
chic,12/17/1998,32,8.82,22.3,16,Autumn,351,Dec,12,1998
chic,12/18/1998,43,7.96,30.1,52.06,Autumn,352,Dec,12,1998
chic,12/19/1998,35,9.25,26.3,22.67,Autumn,353,Dec,12,1998
chic,12/20/1998,31,6.01,27.6,14.09,Autumn,354,Dec,12,1998
chic,12/21/1998,23,6.91,18.8,19.95,Autumn,355,Dec,12,1998
chic,12/22/1998,10,15.1,-1.9,24.85,Autumn,356,Dec,12,1998
chic,12/23/1998,17,9.27,5.7,28.91,Autumn,357,Dec,12,1998
chic,12/24/1998,19,10.64,4.8,24.04,Autumn,358,Dec,12,1998
chic,12/25/1998,25,13.89,11.1,19.38,Autumn,359,Dec,12,1998
chic,12/26/1998,26,11.76,12.3,36.1,Autumn,360,Dec,12,1998
chic,12/27/1998,36,9.76,24,34.11,Autumn,361,Dec,12,1998
chic,12/28/1998,29,5.78,23.3,33.06,Autumn,362,Dec,12,1998
chic,12/29/1998,22,12.53,18.4,25.01,Autumn,363,Dec,12,1998
chic,12/30/1998,7,9.39,-1.6,27.97,Autumn,364,Dec,12,1998
chic,12/31/1998,13,9.79,5.1,25.8,Autumn,365,Dec,12,1998
chic,1999/01/01,14,19.54,7.7,17.03,Winter,1,Jan,1,1999
chic,1999/02/01,22,28.62,21,NA,Winter,2,Jan,1,1999
chic,1999/03/01,16,21.31,8.4,17.98,Winter,3,Jan,1,1999
chic,1999/04/01,-2,11.43,-6.9,13.95,Winter,4,Jan,1,1999
chic,1999/05/01,1,8.99,-6.1,30.99,Winter,5,Jan,1,1999
chic,1999/06/01,12,9.09,9.8,25.12,Winter,6,Jan,1,1999
chic,1999/07/01,1,6.96,-6.7,36.87,Winter,7,Jan,1,1999
chic,1999/08/01,16,17.61,10.9,22.89,Winter,8,Jan,1,1999
chic,1999/09/01,4,12.82,-1.1,17.97,Winter,9,Jan,1,1999
chic,1999/10/01,6,19.15,-0.4,18.97,Winter,10,Jan,1,1999
chic,1999/11/01,5,10.17,0,30.91,Winter,11,Jan,1,1999
chic,1999/12/01,20,10.07,14.1,33.44,Winter,12,Jan,1,1999
chic,1/13/1999,20,30.69,15.4,1.88,Winter,13,Jan,1,1999
chic,1/14/1999,18,18.22,12.6,21.8,Winter,14,Jan,1,1999
chic,1/15/1999,23,6.83,20.2,38.58,Winter,15,Jan,1,1999
chic,1/16/1999,30,9.6,29.8,26.61,Winter,16,Jan,1,1999
chic,1/17/1999,28,8.01,31.3,32.7,Winter,17,Jan,1,1999
chic,1/18/1999,29,20.05,25.8,14.37,Winter,18,Jan,1,1999
chic,1/19/1999,27,9.72,20,28.7,Winter,19,Jan,1,1999
chic,1/20/1999,30,7.2,28.8,55.76,Winter,20,Jan,1,1999
chic,1/21/1999,37,7.53,32.6,54.76,Winter,21,Jan,1,1999
chic,1/22/1999,42,5.89,41.5,16.8,Winter,22,Jan,1,1999
chic,1/23/1999,39,8.24,35.3,5.82,Winter,23,Jan,1,1999
chic,1/24/1999,33,17.14,30,18.82,Winter,24,Jan,1,1999
chic,1/25/1999,28,10.57,24.6,12.75,Winter,25,Jan,1,1999
chic,1/26/1999,29,8.86,23.4,32.78,Winter,26,Jan,1,1999
chic,1/27/1999,42,11.26,34,48.61,Winter,27,Jan,1,1999
chic,1/28/1999,33,10.58,27.4,22.66,Winter,28,Jan,1,1999
chic,1/29/1999,33,12.5,25.6,27.56,Winter,29,Jan,1,1999
chic,1/30/1999,34,17.88,28,40.61,Winter,30,Jan,1,1999
chic,1/31/1999,36,23.13,27.5,20.57,Winter,31,Jan,1,1999
chic,1999/01/02,40,7.15,38.4,22.6,Winter,32,Feb,2,1999
chic,1999/02/02,38,7.98,32.4,5.46,Winter,33,Feb,2,1999
chic,1999/03/02,41,15.1,27.4,41.48,Winter,34,Feb,2,1999
chic,1999/04/02,31,17.08,21.1,16.5,Winter,35,Feb,2,1999
chic,1999/05/02,31,7.19,24.2,27.1,Winter,36,Feb,2,1999
chic,1999/06/02,40,12.1,30.4,18.45,Winter,37,Feb,2,1999
chic,1999/07/02,33,15.66,29.8,24.52,Winter,38,Feb,2,1999
chic,1999/08/02,37,7.85,36.2,31.51,Winter,39,Feb,2,1999
chic,1999/09/02,44,12.04,29.8,8.53,Winter,40,Feb,2,1999
chic,1999/10/02,44,12.57,27.2,49.52,Winter,41,Feb,2,1999
chic,1999/11/02,49,14.82,47.8,27.31,Winter,42,Feb,2,1999
chic,1999/12/02,23,23.95,13.1,12.54,Winter,43,Feb,2,1999
chic,2/13/1999,23,17.65,10.8,21.7,Winter,44,Feb,2,1999
chic,2/14/1999,34,15.68,21.9,35.71,Winter,45,Feb,2,1999
chic,2/15/1999,45,15.75,30.6,56.61,Winter,46,Feb,2,1999
chic,2/16/1999,39,10.13,32.1,29.66,Winter,47,Feb,2,1999
chic,2/17/1999,27,14.55,20.4,20.36,Winter,48,Feb,2,1999
chic,2/18/1999,29,13.58,21.8,29.66,Winter,49,Feb,2,1999
chic,2/19/1999,28,26.47,20.9,8.78,Winter,50,Feb,2,1999
chic,2/20/1999,25,25.26,17,6.76,Winter,51,Feb,2,1999
chic,2/21/1999,28,35.75,15.7,NA,Winter,52,Feb,2,1999
chic,2/22/1999,26,28.74,9.4,19.81,Winter,53,Feb,2,1999
chic,2/23/1999,29,15.68,14.9,36.99,Winter,54,Feb,2,1999
chic,2/24/1999,27,6.45,22.9,53.88,Winter,55,Feb,2,1999
chic,2/25/1999,33,9.97,26.5,28.88,Winter,56,Feb,2,1999
chic,2/26/1999,36,8.26,27.9,43.82,Winter,57,Feb,2,1999
chic,2/27/1999,43,6.45,39.2,32.97,Winter,58,Feb,2,1999
chic,2/28/1999,37,15.71,32.1,2,Winter,59,Feb,2,1999
chic,1999/01/03,38,24.64,25.3,22.47,Winter,60,Mar,3,1999
chic,1999/02/03,37,5.74,33.1,29.99,Winter,61,Mar,3,1999
chic,1999/03/03,31,21.3,18.7,4.92,Winter,62,Mar,3,1999
chic,1999/04/03,30,17.51,18.4,17.44,Winter,63,Mar,3,1999
chic,1999/05/03,35,16.59,28.7,29.94,Winter,64,Mar,3,1999
chic,1999/06/03,25,35.95,19.7,1.85,Winter,65,Mar,3,1999
chic,1999/07/03,21,38.57,14.4,18.6,Winter,66,Mar,3,1999
chic,1999/08/03,24,29.46,16.2,42.93,Winter,67,Mar,3,1999
chic,1999/09/03,29,26.71,26.4,11.92,Winter,68,Mar,3,1999
chic,1999/10/03,29,36.94,20.3,2.01,Winter,69,Mar,3,1999
chic,1999/11/03,28,24.06,20.4,13.23,Winter,70,Mar,3,1999
chic,1999/12/03,27,32.07,19.6,12.23,Winter,71,Mar,3,1999
chic,3/13/1999,28,33.9,18.1,23.48,Winter,72,Mar,3,1999
chic,3/14/1999,32,39.15,18.9,3.34,Winter,73,Mar,3,1999
chic,3/15/1999,31,15.54,19.2,36.49,Winter,74,Mar,3,1999
chic,3/16/1999,43,12.76,29.8,44.49,Winter,75,Mar,3,1999
chic,3/17/1999,50,27.02,40.7,29.45,Winter,76,Mar,3,1999
chic,3/18/1999,38,26.5,27.1,13.44,Winter,77,Mar,3,1999
chic,3/19/1999,36,21.99,23.7,21.88,Winter,78,Mar,3,1999
chic,3/20/1999,39,18.05,27.2,31.43,Winter,79,Mar,3,1999
chic,3/21/1999,38,31.75,23.2,5.47,Winter,80,Mar,3,1999
chic,3/22/1999,36,22.38,21.3,23.53,Winter,81,Mar,3,1999
chic,3/23/1999,38,13.43,21,40.41,Winter,82,Mar,3,1999
chic,3/24/1999,35,32.92,21.9,19.37,Winter,83,Mar,3,1999
chic,3/25/1999,32,30.22,23.3,22.74,Winter,84,Mar,3,1999
chic,3/26/1999,35,29.92,25.9,17.41,Winter,85,Mar,3,1999
chic,3/27/1999,41,21.32,26.3,35.51,Winter,86,Mar,3,1999
chic,3/28/1999,43,18,33.7,54.25,Winter,87,Mar,3,1999
chic,3/29/1999,48,15.83,24.5,24.12,Winter,88,Mar,3,1999
chic,3/30/1999,55,22.33,28.5,97.17,Winter,89,Mar,3,1999
chic,3/31/1999,60,28.36,41.3,64.19,Winter,90,Mar,3,1999
chic,1999/01/04,58,13.04,51.7,45.32,Spring,91,Apr,4,1999
chic,1999/02/04,64,12.43,54.6,45.28,Spring,92,Apr,4,1999
chic,1999/03/04,63,12.98,57.8,40.41,Spring,93,Apr,4,1999
chic,1999/04/04,56,20.54,47.3,14.13,Spring,94,Apr,4,1999
chic,1999/05/04,50,18.39,43.2,16.1,Spring,95,Apr,4,1999
chic,1999/06/04,53,21.26,42.4,18.56,Spring,96,Apr,4,1999
chic,1999/07/04,55,27.18,42.7,58.08,Spring,97,Apr,4,1999
chic,1999/08/04,55,28.83,43.7,35.03,Spring,98,Apr,4,1999
chic,1999/09/04,45,28.64,40,6.22,Spring,99,Apr,4,1999
chic,1999/10/04,47,30.94,35,12.42,Spring,100,Apr,4,1999
chic,1999/11/04,46,20.43,39.7,9.51,Spring,101,Apr,4,1999
chic,1999/12/04,45,22.31,32.1,26.32,Spring,102,Apr,4,1999
chic,4/13/1999,50,18.43,33.3,36.42,Spring,103,Apr,4,1999
chic,4/14/1999,49,25.7,26,62.4,Spring,104,Apr,4,1999
chic,4/15/1999,49,33.3,39.4,27.45,Spring,105,Apr,4,1999
chic,4/16/1999,44,23.66,37.3,6.55,Spring,106,Apr,4,1999
chic,4/17/1999,44,15.37,34,7.54,Spring,107,Apr,4,1999
chic,4/18/1999,42,10.94,37.1,29.12,Spring,108,Apr,4,1999
chic,4/19/1999,42,10.26,36.5,45.65,Spring,109,Apr,4,1999
chic,4/20/1999,45,20.16,39.4,43.59,Spring,110,Apr,4,1999
chic,4/21/1999,54,22.51,48,32.6,Spring,111,Apr,4,1999
chic,4/22/1999,48,9.72,47.2,31.47,Spring,112,Apr,4,1999
chic,4/23/1999,43,27.19,35.6,NA,Spring,113,Apr,4,1999
chic,4/24/1999,44,30.84,24.6,16.88,Spring,114,Apr,4,1999
chic,4/25/1999,48,30.58,30.5,19.71,Spring,115,Apr,4,1999
chic,4/26/1999,51,36.41,33.4,33.65,Spring,116,Apr,4,1999
chic,4/27/1999,50,26.48,41.5,29.45,Spring,117,Apr,4,1999
chic,4/28/1999,51,28.57,38.4,12.71,Spring,118,Apr,4,1999
chic,4/29/1999,52,32.84,32.7,15.52,Spring,119,Apr,4,1999
chic,4/30/1999,51,29.15,29,27.2,Spring,120,Apr,4,1999
chic,1999/01/05,56,29.71,30.5,28.23,Spring,121,May,5,1999
chic,1999/02/05,58,42.54,37.3,31.13,Spring,122,May,5,1999
chic,1999/03/05,64,38.04,42.8,51.16,Spring,123,May,5,1999
chic,1999/04/05,67,39.15,52.2,75.07,Spring,124,May,5,1999
chic,1999/05/05,70,32.83,57.2,74,Spring,125,May,5,1999
chic,1999/06/05,58,17.47,52.8,24.57,Spring,126,May,5,1999
chic,1999/07/05,56,19.58,46.9,31.61,Spring,127,May,5,1999
chic,1999/08/05,53,10.89,48.2,8.57,Spring,128,May,5,1999
chic,1999/09/05,51,16.29,42.7,7.45,Spring,129,May,5,1999
chic,1999/10/05,58,31.67,46.5,32.45,Spring,130,May,5,1999
chic,1999/11/05,67,31.84,52.1,63.43,Spring,131,May,5,1999
chic,1999/12/05,62,26.39,52.7,43.99,Spring,132,May,5,1999
chic,5/13/1999,51,26.17,41,16.43,Spring,133,May,5,1999
chic,5/14/1999,53,24.64,41.3,15.32,Spring,134,May,5,1999
chic,5/15/1999,60,20.21,54.8,49.21,Spring,135,May,5,1999
chic,5/16/1999,69,35.57,63.1,44.15,Spring,136,May,5,1999
chic,5/17/1999,69,26.73,62.6,31.13,Spring,137,May,5,1999
chic,5/18/1999,61,20.02,52.3,17.58,Spring,138,May,5,1999
chic,5/19/1999,61,19.22,44.8,25.16,Spring,139,May,5,1999
chic,5/20/1999,64,34.41,49.1,51.04,Spring,140,May,5,1999
chic,5/21/1999,66,44.7,56.8,64.95,Spring,141,May,5,1999
chic,5/22/1999,59,32.95,52.8,8.95,Spring,142,May,5,1999
chic,5/23/1999,60,16.03,50.7,18.91,Spring,143,May,5,1999
chic,5/24/1999,51,15.48,40.7,16.09,Spring,144,May,5,1999
chic,5/25/1999,56,24.19,38.7,33.92,Spring,145,May,5,1999
chic,5/26/1999,60,21.52,40.4,19.97,Spring,146,May,5,1999
chic,5/27/1999,64,23.51,41.3,57.03,Spring,147,May,5,1999
chic,5/28/1999,75,27.49,53.8,43.02,Spring,148,May,5,1999
chic,5/29/1999,76,45.51,54.4,46.15,Spring,149,May,5,1999
chic,5/30/1999,70,49.14,56,52.65,Spring,150,May,5,1999
chic,5/31/1999,73,27.12,63.4,35.37,Spring,151,May,5,1999
chic,1999/01/06,65,15.87,59.7,32.4,Spring,152,Jun,6,1999
chic,1999/02/06,64,12.71,57.7,11.45,Spring,153,Jun,6,1999
chic,1999/03/06,58,20.5,47.7,14.27,Spring,154,Jun,6,1999
chic,1999/04/06,64,30.96,56.6,31.23,Spring,155,Jun,6,1999
chic,1999/05/06,75,27.16,68,30.48,Spring,156,Jun,6,1999
chic,1999/06/06,80,29.72,69.9,49.32,Spring,157,Jun,6,1999
chic,1999/07/06,81,33.47,63.8,31.32,Spring,158,Jun,6,1999
chic,1999/08/06,80,36.23,63.2,36.23,Spring,159,Jun,6,1999
chic,1999/09/06,79,25.03,63.2,48.15,Spring,160,Jun,6,1999
chic,1999/10/06,79,26.22,66.7,57.07,Spring,161,Jun,6,1999
chic,1999/11/06,78,30.26,67.5,46.47,Spring,162,Jun,6,1999
chic,1999/12/06,75,37.82,68.2,39.09,Spring,163,Jun,6,1999
chic,6/13/1999,65,25.6,63.5,17.12,Spring,164,Jun,6,1999
chic,6/14/1999,66,23.25,55,10.06,Spring,165,Jun,6,1999
chic,6/15/1999,58,24.01,37.9,5.18,Spring,166,Jun,6,1999
chic,6/16/1999,61,26.57,44.7,17.21,Spring,167,Jun,6,1999
chic,6/17/1999,57,23.74,42.9,16.52,Spring,168,Jun,6,1999
chic,6/18/1999,59,25.41,47.6,32.23,Spring,169,Jun,6,1999
chic,6/19/1999,68,36.61,49.9,25.31,Spring,170,Jun,6,1999
chic,6/20/1999,67,52.13,54.4,34.26,Spring,171,Jun,6,1999
chic,6/21/1999,72,50.35,59.8,62.25,Spring,172,Jun,6,1999
chic,6/22/1999,74,31.72,66.2,79.24,Spring,173,Jun,6,1999
chic,6/23/1999,76,42.23,67.3,61.18,Spring,174,Jun,6,1999
chic,6/24/1999,76,25.03,65.9,26.22,Spring,175,Jun,6,1999
chic,6/25/1999,75,28.68,58.2,43.2,Spring,176,Jun,6,1999
chic,6/26/1999,76,33.65,66.2,40.13,Spring,177,Jun,6,1999
chic,6/27/1999,78,38.26,70.6,41.2,Spring,178,Jun,6,1999
chic,6/28/1999,77,28.14,69.2,51.23,Spring,179,Jun,6,1999
chic,6/29/1999,66,21.56,51.1,22.62,Spring,180,Jun,6,1999
chic,6/30/1999,68,26.09,54.7,30.28,Spring,181,Jun,6,1999
chic,1999/01/07,74,23.85,64.3,28.34,Summer,182,Jul,7,1999
chic,1999/02/07,77,26.2,67.3,30.33,Summer,183,Jul,7,1999
chic,1999/03/07,84,27.04,76.2,63.34,Summer,184,Jul,7,1999
chic,1999/04/07,86,27.49,74.1,41.3,Summer,185,Jul,7,1999
chic,1999/05/07,87,31.31,74.4,33.77,Summer,186,Jul,7,1999
chic,1999/06/07,79,25.2,62.7,25.34,Summer,187,Jul,7,1999
chic,1999/07/07,75,26.73,53.7,23.36,Summer,188,Jul,7,1999
chic,1999/08/07,76,35.53,60.4,71.36,Summer,189,Jul,7,1999
chic,1999/09/07,76,32.11,65,30.34,Summer,190,Jul,7,1999
chic,1999/10/07,64,21.48,51.5,7.33,Summer,191,Jul,7,1999
chic,1999/11/07,67,19.31,50.3,24.79,Summer,192,Jul,7,1999
chic,1999/12/07,68,22.93,50.8,44.33,Summer,193,Jul,7,1999
chic,7/13/1999,70,30.74,55.7,72.38,Summer,194,Jul,7,1999
chic,7/14/1999,74,42.5,59.2,95.41,Summer,195,Jul,7,1999
chic,7/15/1999,78,49.01,62.8,84.35,Summer,196,Jul,7,1999
chic,7/16/1999,82,43.07,68.3,109.32,Summer,197,Jul,7,1999
chic,7/17/1999,75,23.91,70.6,32.93,Summer,198,Jul,7,1999
chic,7/18/1999,77,29.78,66.6,28.36,Summer,199,Jul,7,1999
chic,7/19/1999,79,24.45,70.1,35.39,Summer,200,Jul,7,1999
chic,7/20/1999,76,27.11,70.4,28.49,Summer,201,Jul,7,1999
chic,7/21/1999,83,26.82,72.1,36.49,Summer,202,Jul,7,1999
chic,7/22/1999,82,25.54,73.4,31.6,Summer,203,Jul,7,1999
chic,7/23/1999,83,22.97,72.8,35.45,Summer,204,Jul,7,1999
chic,7/24/1999,82,31.59,73.2,17.58,Summer,205,Jul,7,1999
chic,7/25/1999,85,35.95,70.6,19.55,Summer,206,Jul,7,1999
chic,7/26/1999,80,20.99,69.5,49.59,Summer,207,Jul,7,1999
chic,7/27/1999,79,23.73,68.3,26.57,Summer,208,Jul,7,1999
chic,7/28/1999,82,30.43,71.8,34.59,Summer,209,Jul,7,1999
chic,7/29/1999,83,27.57,76.6,45.56,Summer,210,Jul,7,1999
chic,7/30/1999,90,30.94,77.1,63.57,Summer,211,Jul,7,1999
chic,7/31/1999,83,34.5,71.4,29.57,Summer,212,Jul,7,1999
chic,1999/01/08,74,23.91,60.1,8.56,Summer,213,Aug,8,1999
chic,1999/02/08,71,16.01,56.3,11.55,Summer,214,Aug,8,1999
chic,1999/03/08,71,21.19,59,28.54,Summer,215,Aug,8,1999
chic,1999/04/08,76,21.25,58.3,32.91,Summer,216,Aug,8,1999
chic,1999/05/08,73,18.77,55.6,19.5,Summer,217,Aug,8,1999
chic,1999/06/08,76,26.15,62,46.51,Summer,218,Aug,8,1999
chic,1999/07/08,72,19.68,67.7,39.56,Summer,219,Aug,8,1999
chic,1999/08/08,66,23.71,57,4.52,Summer,220,Aug,8,1999
chic,1999/09/08,66,20.24,56.2,29.54,Summer,221,Aug,8,1999
chic,1999/10/08,78,29.45,63.8,32.28,Summer,222,Aug,8,1999
chic,1999/11/08,75,16.09,61.1,38.42,Summer,223,Aug,8,1999
chic,1999/12/08,70,13.11,65.9,30.42,Summer,224,Aug,8,1999
chic,8/13/1999,72,20.44,65.6,30.56,Summer,225,Aug,8,1999
chic,8/14/1999,64,21.08,52.7,4.53,Summer,226,Aug,8,1999
chic,8/15/1999,66,17.9,54.4,13.49,Summer,227,Aug,8,1999
chic,8/16/1999,73,26.92,57.9,36.85,Summer,228,Aug,8,1999
chic,8/17/1999,75,26.35,60.6,33.62,Summer,229,Aug,8,1999
chic,8/18/1999,67,5.04,62.7,36.64,Summer,230,Aug,8,1999
chic,8/19/1999,68,22.01,62.3,14.57,Summer,231,Aug,8,1999
chic,8/20/1999,67,21.74,57.2,16.61,Summer,232,Aug,8,1999
chic,8/21/1999,65,17.01,57.4,27.61,Summer,233,Aug,8,1999
chic,8/22/1999,67,21.07,57.1,32.12,Summer,234,Aug,8,1999
chic,8/23/1999,72,19.64,64.2,39.43,Summer,235,Aug,8,1999
chic,8/24/1999,71,27.24,67.1,32.33,Summer,236,Aug,8,1999
chic,8/25/1999,70,31.18,66.1,21.18,Summer,237,Aug,8,1999
chic,8/26/1999,72,24.28,64.6,31.24,Summer,238,Aug,8,1999
chic,8/27/1999,74,22.64,66.1,60.15,Summer,239,Aug,8,1999
chic,8/28/1999,80,29.83,69.7,58.61,Summer,240,Aug,8,1999
chic,8/29/1999,69,28.76,56,12.26,Summer,241,Aug,8,1999
chic,8/30/1999,62,23.46,51.8,16.19,Summer,242,Aug,8,1999
chic,8/31/1999,65,23,54.4,31.1,Summer,243,Aug,8,1999
chic,1999/01/09,70,34.71,57.3,78.14,Summer,244,Sep,9,1999
chic,1999/02/09,74,38.78,62.1,98.13,Summer,245,Sep,9,1999
chic,1999/03/09,76,47.02,61.5,76.94,Summer,246,Sep,9,1999
chic,1999/04/09,79,54.47,61.6,63.1,Summer,247,Sep,9,1999
chic,1999/05/09,77,53.22,63.5,56.05,Summer,248,Sep,9,1999
chic,1999/06/09,66,24.29,54.9,10.91,Summer,249,Sep,9,1999
chic,1999/07/09,65,14.29,55.2,24.89,Summer,250,Sep,9,1999
chic,1999/08/09,71,17.32,54.2,35.68,Summer,251,Sep,9,1999
chic,1999/09/09,62,11.82,46.6,39.45,Summer,252,Sep,9,1999
chic,1999/10/09,62,13.13,45.2,48.65,Summer,253,Sep,9,1999
chic,1999/11/09,64,19.56,48.7,40.68,Summer,254,Sep,9,1999
chic,1999/12/09,68,23.81,58.9,27.68,Summer,255,Sep,9,1999
chic,9/13/1999,59,6.25,49.9,11.56,Summer,256,Sep,9,1999
chic,9/14/1999,59,8.62,44.4,17.55,Summer,257,Sep,9,1999
chic,9/15/1999,55,9.03,46.2,26.11,Summer,258,Sep,9,1999
chic,9/16/1999,59,12.52,47.8,19.65,Summer,259,Sep,9,1999
chic,9/17/1999,59,13.72,48.1,21.66,Summer,260,Sep,9,1999
chic,9/18/1999,62,18.68,49,50.65,Summer,261,Sep,9,1999
chic,9/19/1999,64,29.36,53.5,49.68,Summer,262,Sep,9,1999
chic,9/20/1999,58,11.99,45.9,9.66,Summer,263,Sep,9,1999
chic,9/21/1999,51,14.57,44.6,13.7,Summer,264,Sep,9,1999
chic,9/22/1999,57,12.02,39.8,23.56,Summer,265,Sep,9,1999
chic,9/23/1999,66,22.43,46.3,48.43,Summer,266,Sep,9,1999
chic,9/24/1999,57,19.72,47.1,5.37,Summer,267,Sep,9,1999
chic,9/25/1999,62,25.48,48.4,36.37,Summer,268,Sep,9,1999
chic,9/26/1999,72,43.63,49.3,91.39,Summer,269,Sep,9,1999
chic,9/27/1999,66,35.49,58.7,25.87,Summer,270,Sep,9,1999
chic,9/28/1999,58,16.36,56.7,8.56,Summer,271,Sep,9,1999
chic,9/29/1999,56,11.23,43.7,3.77,Summer,272,Sep,9,1999
chic,9/30/1999,56,13.01,38.9,29,Summer,273,Sep,9,1999
chic,1999/01/10,51,7.91,35,23.95,Autumn,274,Oct,10,1999
chic,1999/02/10,46,9.36,40.8,15.94,Autumn,275,Oct,10,1999
chic,1999/03/10,44,15.06,40.2,17.56,Autumn,276,Oct,10,1999
chic,1999/04/10,47,15.55,38,14.9,Autumn,277,Oct,10,1999
chic,1999/05/10,51,8.45,36.8,39.91,Autumn,278,Oct,10,1999
chic,1999/06/10,52,17.83,41.8,24.75,Autumn,279,Oct,10,1999
chic,1999/07/10,59,13.74,42.4,29.72,Autumn,280,Oct,10,1999
chic,1999/08/10,61,13.53,54.1,62.75,Autumn,281,Oct,10,1999
chic,1999/09/10,59,4.54,57.6,50.75,Autumn,282,Oct,10,1999
chic,1999/10/10,66,22.03,58,23.68,Autumn,283,Oct,10,1999
chic,1999/11/10,55,14.5,46.1,28.64,Autumn,284,Oct,10,1999
chic,1999/12/10,62,19.52,47.2,81.65,Autumn,285,Oct,10,1999
chic,10/13/1999,56,13.72,44,27.69,Autumn,286,Oct,10,1999
chic,10/14/1999,48,10.07,34.8,31.73,Autumn,287,Oct,10,1999
chic,10/15/1999,64,23.25,46.3,47.29,Autumn,288,Oct,10,1999
chic,10/16/1999,58,21.46,54.2,53.39,Autumn,289,Oct,10,1999
chic,10/17/1999,45,13.9,33.8,1.36,Autumn,290,Oct,10,1999
chic,10/18/1999,44,4.39,34.4,20.38,Autumn,291,Oct,10,1999
chic,10/19/1999,50,8.29,33.5,47.41,Autumn,292,Oct,10,1999
chic,10/20/1999,44,6.11,30.7,30.39,Autumn,293,Oct,10,1999
chic,10/21/1999,52,9.53,36.3,39.38,Autumn,294,Oct,10,1999
chic,10/22/1999,51,18.54,26.6,22.5,Autumn,295,Oct,10,1999
chic,10/23/1999,43,19.39,25.7,6.47,Autumn,296,Oct,10,1999
chic,10/24/1999,40,13.15,22.1,5.42,Autumn,297,Oct,10,1999
chic,10/25/1999,50,12.17,28.1,59.44,Autumn,298,Oct,10,1999
chic,10/26/1999,53,10.99,29.4,51.5,Autumn,299,Oct,10,1999
chic,10/27/1999,48,9.04,37,41.51,Autumn,300,Oct,10,1999
chic,10/28/1999,64,13.74,43.3,83.28,Autumn,301,Oct,10,1999
chic,10/29/1999,62,25.03,47,93.15,Autumn,302,Oct,10,1999
chic,10/30/1999,66,36.84,50.7,88.17,Autumn,303,Oct,10,1999
chic,10/31/1999,58,14.9,49.3,42.19,Autumn,304,Oct,10,1999
chic,1999/01/11,59,15.21,46.9,59.14,Autumn,305,Nov,11,1999
chic,1999/02/11,42,19.03,22.6,21.79,Autumn,306,Nov,11,1999
chic,1999/03/11,37,15.58,17.7,26.24,Autumn,307,Nov,11,1999
chic,1999/04/11,46,12.92,24.2,120.23,Autumn,308,Nov,11,1999
chic,1999/05/11,55,14.5,34.3,51.13,Autumn,309,Nov,11,1999
chic,1999/06/11,45,14.7,20.3,30.05,Autumn,310,Nov,11,1999
chic,1999/07/11,44,20.24,32.3,41.98,Autumn,311,Nov,11,1999
chic,1999/08/11,55,10.04,41,46.49,Autumn,312,Nov,11,1999
chic,1999/09/11,67,23.38,48.5,55.78,Autumn,313,Nov,11,1999
chic,1999/10/11,58,24.53,46.7,50.91,Autumn,314,Nov,11,1999
chic,1999/11/11,44,21.41,38,14.76,Autumn,315,Nov,11,1999
chic,1999/12/11,47,7.47,41.2,67.67,Autumn,316,Nov,11,1999
chic,11/13/1999,54,15.47,43.8,82.67,Autumn,317,Nov,11,1999
chic,11/14/1999,45,22.98,30.5,24.65,Autumn,318,Nov,11,1999
chic,11/15/1999,41,10,26.3,14.8,Autumn,319,Nov,11,1999
chic,11/16/1999,38,17.24,29.3,12.77,Autumn,320,Nov,11,1999
chic,11/17/1999,40,11.75,25,27.86,Autumn,321,Nov,11,1999
chic,11/18/1999,58,18.06,36.2,85.86,Autumn,322,Nov,11,1999
chic,11/19/1999,49,16.22,37.7,75.01,Autumn,323,Nov,11,1999
chic,11/20/1999,39,4.95,35.2,38.48,Autumn,324,Nov,11,1999
chic,11/21/1999,42,5.34,42,46.09,Autumn,325,Nov,11,1999
chic,11/22/1999,54,9.17,46,52.96,Autumn,326,Nov,11,1999
chic,11/23/1999,52,11.32,50,33.06,Autumn,327,Nov,11,1999
chic,11/24/1999,40,10.07,30.7,14.25,Autumn,328,Nov,11,1999
chic,11/25/1999,36,9.69,27.8,25.16,Autumn,329,Nov,11,1999
chic,11/26/1999,37,10.55,32.2,30.18,Autumn,330,Nov,11,1999
chic,11/27/1999,41,10.17,30.1,10.17,Autumn,331,Nov,11,1999
chic,11/28/1999,34,10.61,25,6.29,Autumn,332,Nov,11,1999
chic,11/29/1999,32,10.91,19.9,12.23,Autumn,333,Nov,11,1999
chic,11/30/1999,30,8.23,15.3,20.28,Autumn,334,Nov,11,1999
chic,1999/01/12,36,8.77,20.8,46.23,Autumn,335,Dec,12,1999
chic,1999/02/12,50,10.41,32.9,32.78,Autumn,336,Dec,12,1999
chic,1999/03/12,53,12.6,48,58.08,Autumn,337,Dec,12,1999
chic,1999/04/12,49,6.4,48.5,50.14,Autumn,338,Dec,12,1999
chic,1999/05/12,39,13.9,34.3,NA,Autumn,339,Dec,12,1999
chic,1999/06/12,29,10.39,22.6,11.26,Autumn,340,Dec,12,1999
chic,1999/07/12,33,7.71,29.1,30.22,Autumn,341,Dec,12,1999
chic,1999/08/12,38,6.52,33.5,30.07,Autumn,342,Dec,12,1999
chic,1999/09/12,43,8.43,38.6,56.05,Autumn,343,Dec,12,1999
chic,1999/10/12,31,10.92,23.4,12.97,Autumn,344,Dec,12,1999
chic,1999/11/12,31,8.32,25,21.79,Autumn,345,Dec,12,1999
chic,1999/12/12,35,5.45,30.6,14.73,Autumn,346,Dec,12,1999
chic,12/13/1999,35,11.13,31.2,38.76,Autumn,347,Dec,12,1999
chic,12/14/1999,38,15.03,34.2,16.26,Autumn,348,Dec,12,1999
chic,12/15/1999,36,5.68,33.9,17.6,Autumn,349,Dec,12,1999
chic,12/16/1999,27,7.29,20.3,9.59,Autumn,350,Dec,12,1999
chic,12/17/1999,23,13,17.9,9.73,Autumn,351,Dec,12,1999
chic,12/18/1999,19,10.56,14.6,21.62,Autumn,352,Dec,12,1999
chic,12/19/1999,32,7.75,29.1,30.67,Autumn,353,Dec,12,1999
chic,12/20/1999,21,16.04,11,23.11,Autumn,354,Dec,12,1999
chic,12/21/1999,8,11.04,-1.6,20.73,Autumn,355,Dec,12,1999
chic,12/22/1999,13,7.55,5.8,22.92,Autumn,356,Dec,12,1999
chic,12/23/1999,10,9.44,3.8,35.79,Autumn,357,Dec,12,1999
chic,12/24/1999,14,11.42,4.7,27.72,Autumn,358,Dec,12,1999
chic,12/25/1999,19,10.56,14,42.75,Autumn,359,Dec,12,1999
chic,12/26/1999,28,24.36,14.3,25.43,Autumn,360,Dec,12,1999
chic,12/27/1999,19,15.31,11.6,20.89,Autumn,361,Dec,12,1999
chic,12/28/1999,21,11.37,16.4,12.98,Autumn,362,Dec,12,1999
chic,12/29/1999,36,7.36,30.2,22.02,Autumn,363,Dec,12,1999
chic,12/30/1999,34,12.76,28.9,5.93,Autumn,364,Dec,12,1999
chic,12/31/1999,34,8.92,25.9,22.91,Autumn,365,Dec,12,1999
chic,2000/01/01,42,8.66,32.2,31.38,Winter,1,Jan,1,2000
chic,2000/02/01,48,19,42.3,43.98,Winter,2,Jan,1,2000
chic,2000/03/01,35,13.34,33.7,5,Winter,3,Jan,1,2000
chic,2000/04/01,28,15.29,22.2,10,Winter,4,Jan,1,2000
chic,2000/05/01,20,8.16,16.6,21.96,Winter,5,Jan,1,2000
chic,2000/06/01,34,7.43,25.3,32.94,Winter,6,Jan,1,2000
chic,2000/07/01,25,10.84,13.3,27.25,Winter,7,Jan,1,2000
chic,2000/08/01,37,9.42,28.5,25.01,Winter,8,Jan,1,2000
chic,2000/09/01,39,6.06,38.5,25.88,Winter,9,Jan,1,2000
chic,2000/10/01,42,11.03,34.9,8.89,Winter,10,Jan,1,2000
chic,2000/11/01,33,14.49,21.5,8.91,Winter,11,Jan,1,2000
chic,2000/12/01,31,16.81,21.7,12.04,Winter,12,Jan,1,2000
chic,1/13/2000,25,12.18,18.4,20.67,Winter,13,Jan,1,2000
chic,1/14/2000,20,7.39,14.5,30.37,Winter,14,Jan,1,2000
chic,1/15/2000,34,7.44,24.2,42.63,Winter,15,Jan,1,2000
chic,1/16/2000,31,22.86,19.4,6.73,Winter,16,Jan,1,2000
chic,1/17/2000,22,21.89,12.7,21.72,Winter,17,Jan,1,2000
chic,1/18/2000,25,6.87,20.9,18.77,Winter,18,Jan,1,2000
chic,1/19/2000,21,5.75,15.7,35.54,Winter,19,Jan,1,2000
chic,1/20/2000,10,15.37,2.1,12.81,Winter,20,Jan,1,2000
chic,1/21/2000,5,9.05,-3.2,45.86,Winter,21,Jan,1,2000
chic,1/22/2000,17,8.27,14.5,30,Winter,22,Jan,1,2000
chic,1/23/2000,16,16.89,4.3,18.9,Winter,23,Jan,1,2000
chic,1/24/2000,6,8.84,-0.6,33.87,Winter,24,Jan,1,2000
chic,1/25/2000,17,13.18,8.5,24.4,Winter,25,Jan,1,2000
chic,1/26/2000,15,12.16,5.4,26.73,Winter,26,Jan,1,2000
chic,1/27/2000,20,14.71,11.5,26.65,Winter,27,Jan,1,2000
chic,1/28/2000,21,8.97,14.5,49.72,Winter,28,Jan,1,2000
chic,1/29/2000,24,25.95,19.1,26.86,Winter,29,Jan,1,2000
chic,1/30/2000,28,11.2,23.3,23.89,Winter,30,Jan,1,2000
chic,1/31/2000,20,13.11,14.4,35.12,Winter,31,Jan,1,2000
chic,2000/01/02,25,12.22,16.5,25.8,Winter,32,Feb,2,2000
chic,2000/02/02,21,9.55,16,38.79,Winter,33,Feb,2,2000
chic,2000/03/02,33,11.69,26.7,18.84,Winter,34,Feb,2,2000
chic,2000/04/02,25,14.34,19,13.81,Winter,35,Feb,2,2000
chic,2000/05/02,21,13.6,16.5,20.83,Winter,36,Feb,2,2000
chic,2000/06/02,23,9.19,21.6,38,Winter,37,Feb,2,2000
chic,2000/07/02,26,17.67,23.3,15.81,Winter,38,Feb,2,2000
chic,2000/08/02,22,13.42,21.6,43.81,Winter,39,Feb,2,2000
chic,2000/09/02,41,14.04,30.2,36.77,Winter,40,Feb,2,2000
chic,2000/10/02,35,11.68,32.1,48.79,Winter,41,Feb,2,2000
chic,2000/11/02,24,22.13,13.9,8.8,Winter,42,Feb,2,2000
chic,2000/12/02,24,26.08,14.5,30.68,Winter,43,Feb,2,2000
chic,2/13/2000,30,15.74,26.8,36.74,Winter,44,Feb,2,2000
chic,2/14/2000,26,16.33,22.5,14.6,Winter,45,Feb,2,2000
chic,2/15/2000,31,8.55,28.1,28.64,Winter,46,Feb,2,2000
chic,2/16/2000,28,19.19,19,19.69,Winter,47,Feb,2,2000
chic,2/17/2000,27,18.3,18.6,35.73,Winter,48,Feb,2,2000
chic,2/18/2000,30,26.33,27.8,22.04,Winter,49,Feb,2,2000
chic,2/19/2000,29,23.35,21.7,7.76,Winter,50,Feb,2,2000
chic,2/20/2000,27,24.36,19.7,19.82,Winter,51,Feb,2,2000
chic,2/21/2000,35,12.49,29.1,48.84,Winter,52,Feb,2,2000
chic,2/22/2000,49,10.45,40.3,55.81,Winter,53,Feb,2,2000
chic,2/23/2000,59,27.48,40.6,85.74,Winter,54,Feb,2,2000
chic,2/24/2000,49,17.25,49.9,24.3,Winter,55,Feb,2,2000
chic,2/25/2000,55,17.54,50.3,59.58,Winter,56,Feb,2,2000
chic,2/26/2000,56,26.03,51.7,35.59,Winter,57,Feb,2,2000
chic,2/27/2000,45,24.95,30.7,NA,Winter,58,Feb,2,2000
chic,2/28/2000,43,13.29,26.8,24.69,Winter,59,Feb,2,2000
chic,2/29/2000,54,21.05,34.4,42.59,Winter,60,Feb,2,2000
chic,2000/01/03,46,25.69,32.9,16.71,Winter,61,Mar,3,2000
chic,2000/02/03,33,28.68,23.8,5.53,Winter,62,Mar,3,2000
chic,2000/03/03,35,25.01,24.1,32.63,Winter,63,Mar,3,2000
chic,2000/04/03,46,15.32,30.7,25.79,Winter,64,Mar,3,2000
chic,2000/05/03,52,15.23,36.5,18.84,Winter,65,Mar,3,2000
chic,2000/06/03,51,18.66,32.1,63.99,Winter,66,Mar,3,2000
chic,2000/07/03,66,22.87,49.7,39.43,Winter,67,Mar,3,2000
chic,2000/08/03,67,28.62,50.9,88.97,Winter,68,Mar,3,2000
chic,2000/09/03,46,21.18,32.7,15.9,Winter,69,Mar,3,2000
chic,2000/10/03,30,22.15,21.9,5.85,Winter,70,Mar,3,2000
chic,2000/11/03,30,29.12,19,0.89,Winter,71,Mar,3,2000
chic,2000/12/03,34,17.01,19.3,10.95,Winter,72,Mar,3,2000
chic,3/13/2000,39,8.22,33.4,38.19,Winter,73,Mar,3,2000
chic,3/14/2000,45,16.06,32.6,41.88,Winter,74,Mar,3,2000
chic,3/15/2000,50,18.33,41.9,32.76,Winter,75,Mar,3,2000
chic,3/16/2000,33,37.35,22.3,0.75,Winter,76,Mar,3,2000
chic,3/17/2000,32,35.74,18.5,6.78,Winter,77,Mar,3,2000
chic,3/18/2000,34,22.74,20.8,14.81,Winter,78,Mar,3,2000
chic,3/19/2000,39,15.7,34.1,30.78,Winter,79,Mar,3,2000
chic,3/20/2000,49,15.24,46.4,12.82,Winter,80,Mar,3,2000
chic,3/21/2000,47,3.12,45.3,41.6,Winter,81,Mar,3,2000
chic,3/22/2000,51,8.41,44,52.58,Winter,82,Mar,3,2000
chic,3/23/2000,50,15.46,43.7,66.62,Winter,83,Mar,3,2000
chic,3/24/2000,57,18.92,49,39.67,Winter,84,Mar,3,2000
chic,3/25/2000,53,32.47,32.8,20.71,Winter,85,Mar,3,2000
chic,3/26/2000,52,30.75,31.8,26.77,Winter,86,Mar,3,2000
chic,3/27/2000,47,28.54,31.2,8.02,Winter,87,Mar,3,2000
chic,3/28/2000,39,15.3,31.1,8,Winter,88,Mar,3,2000
chic,3/29/2000,40,18.09,29.3,17.95,Winter,89,Mar,3,2000
chic,3/30/2000,40,22.07,31,31.92,Winter,90,Mar,3,2000
chic,3/31/2000,45,12.26,28.1,53.57,Winter,91,Mar,3,2000
chic,2000/01/04,52,14.2,33.9,49.73,Spring,92,Apr,4,2000
chic,2000/02/04,51,21.89,42.5,36.52,Spring,93,Apr,4,2000
chic,2000/03/04,52,16.81,34.3,29.4,Spring,94,Apr,4,2000
chic,2000/04/04,38,22.54,19.7,8.34,Spring,95,Apr,4,2000
chic,2000/05/04,44,21.07,23.8,68.43,Spring,96,Apr,4,2000
chic,2000/06/04,53,23.21,27.3,77.61,Spring,97,Apr,4,2000
chic,2000/07/04,41,14.06,32.7,21.54,Spring,98,Apr,4,2000
chic,2000/08/04,34,25.54,23,25.7,Spring,99,Apr,4,2000
chic,2000/09/04,45,22.05,26.7,16.88,Spring,100,Apr,4,2000
chic,2000/10/04,37,27.68,28.1,20.9,Spring,101,Apr,4,2000
chic,2000/11/04,34,21.43,33.1,8.89,Spring,102,Apr,4,2000
chic,2000/12/04,39,19.54,25.3,32.43,Spring,103,Apr,4,2000
chic,4/13/2000,49,19.78,28.3,43.68,Spring,104,Apr,4,2000
chic,4/14/2000,58,22.36,42.8,104.42,Spring,105,Apr,4,2000
chic,4/15/2000,56,22.13,46.9,50.39,Spring,106,Apr,4,2000
chic,4/16/2000,44,17.06,40.9,15.49,Spring,107,Apr,4,2000
chic,4/17/2000,41,14.45,38.9,8.39,Spring,108,Apr,4,2000
chic,4/18/2000,48,7.36,42.5,40.62,Spring,109,Apr,4,2000
chic,4/19/2000,52,7.97,48.8,49.28,Spring,110,Apr,4,2000
chic,4/20/2000,53,12.2,50.2,18.21,Spring,111,Apr,4,2000
chic,4/21/2000,44,28.24,35,0.2,Spring,112,Apr,4,2000
chic,4/22/2000,48,20.59,31.4,10.18,Spring,113,Apr,4,2000
chic,4/23/2000,47,31.59,40.3,19.09,Spring,114,Apr,4,2000
chic,4/24/2000,52,33.15,32.6,22.94,Spring,115,Apr,4,2000
chic,4/25/2000,49,34.41,23.4,11,Spring,116,Apr,4,2000
chic,4/26/2000,52,26.75,24.2,29.05,Spring,117,Apr,4,2000
chic,4/27/2000,53,23.2,26.3,86.95,Spring,118,Apr,4,2000
chic,4/28/2000,54,28.33,32.2,61.04,Spring,119,Apr,4,2000
chic,4/29/2000,48,21.7,39.1,7.29,Spring,120,Apr,4,2000
chic,4/30/2000,54,22.73,40,40.32,Spring,121,Apr,4,2000
chic,2000/01/05,57,20.52,49.2,46.55,Spring,122,May,5,2000
chic,2000/02/05,57,24.92,43.1,26.6,Spring,123,May,5,2000
chic,2000/03/05,63,30.54,48.6,59.59,Spring,124,May,5,2000
chic,2000/04/05,72,29.98,58.1,76.49,Spring,125,May,5,2000
chic,2000/05/05,74,32.49,59.3,77.77,Spring,126,May,5,2000
chic,2000/06/05,74,31.01,61.3,38.45,Spring,127,May,5,2000
chic,2000/07/05,71,24.23,65,33.84,Spring,128,May,5,2000
chic,2000/08/05,76,23.7,67.5,100.88,Spring,129,May,5,2000
chic,2000/09/05,59,20.8,55,9.98,Spring,130,May,5,2000
chic,2000/10/05,55,19.42,45,15.03,Spring,131,May,5,2000
chic,2000/11/05,67,19.04,59.9,47.16,Spring,132,May,5,2000
chic,2000/12/05,73,21.79,66.8,40.32,Spring,133,May,5,2000
chic,5/13/2000,53,23.34,38.4,15.33,Spring,134,May,5,2000
chic,5/14/2000,52,30.36,33,14.54,Spring,135,May,5,2000
chic,5/15/2000,57,17.95,35,33.56,Spring,136,May,5,2000
chic,5/16/2000,61,18.2,49.6,43.44,Spring,137,May,5,2000
chic,5/17/2000,61,14.22,56.5,49.39,Spring,138,May,5,2000
chic,5/18/2000,58,27.81,51.8,29.97,Spring,139,May,5,2000
chic,5/19/2000,46,25.2,40.3,NA,Spring,140,May,5,2000
chic,5/20/2000,55,23.16,37.8,15.76,Spring,141,May,5,2000
chic,5/21/2000,57,25.53,48.6,27.79,Spring,142,May,5,2000
chic,5/22/2000,67,18.12,56.4,69.89,Spring,143,May,5,2000
chic,5/23/2000,69,23.38,52,41.98,Spring,144,May,5,2000
chic,5/24/2000,68,32.67,42.2,59.44,Spring,145,May,5,2000
chic,5/25/2000,64,28.66,36.5,54.95,Spring,146,May,5,2000
chic,5/26/2000,61,16.74,48.5,68.92,Spring,147,May,5,2000
chic,5/27/2000,60,31,55.9,26.9,Spring,148,May,5,2000
chic,5/28/2000,55,24.88,52,4.9,Spring,149,May,5,2000
chic,5/29/2000,56,25.1,47.4,6.82,Spring,150,May,5,2000
chic,5/30/2000,65,25.92,61.4,35.95,Spring,151,May,5,2000
chic,5/31/2000,67,13.32,64.8,53.8,Spring,152,May,5,2000
chic,2000/01/06,73,31.65,65.5,59.9,Spring,153,Jun,6,2000
chic,2000/02/06,60,24.99,52.8,21.17,Spring,154,Jun,6,2000
chic,2000/03/06,55,28.95,44.9,8.33,Spring,155,Jun,6,2000
chic,2000/04/06,56,27.62,50.6,14.44,Spring,156,Jun,6,2000
chic,2000/05/06,54,30.36,47,20.66,Spring,157,Jun,6,2000
chic,2000/06/06,60,20.13,41.8,45.34,Spring,158,Jun,6,2000
chic,2000/07/06,64,31.61,46.8,96.38,Spring,159,Jun,6,2000
chic,2000/08/06,78,49.3,59.8,54.46,Spring,160,Jun,6,2000
chic,2000/09/06,77,54.18,57.5,86.58,Spring,161,Jun,6,2000
chic,2000/10/06,80,31.05,67,89.5,Spring,162,Jun,6,2000
chic,2000/11/06,70,15.03,66.8,26.05,Spring,163,Jun,6,2000
chic,2000/12/06,57,8.3,56,10.46,Spring,164,Jun,6,2000
chic,6/13/2000,69,11.75,63.8,32.49,Spring,165,Jun,6,2000
chic,6/14/2000,72,25.59,64.6,42.41,Spring,166,Jun,6,2000
chic,6/15/2000,70,24.93,58.8,20.4,Spring,167,Jun,6,2000
chic,6/16/2000,67,21.58,60.3,24.32,Spring,168,Jun,6,2000
chic,6/17/2000,60,24.94,45.3,15.64,Spring,169,Jun,6,2000
chic,6/18/2000,65,27.92,46.9,8.35,Spring,170,Jun,6,2000
chic,6/19/2000,66,28.97,57,43.35,Spring,171,Jun,6,2000
chic,6/20/2000,74,19.39,68.6,33.33,Spring,172,Jun,6,2000
chic,6/21/2000,74,24.87,58,13.27,Spring,173,Jun,6,2000
chic,6/22/2000,72,27.35,56.2,13.31,Spring,174,Jun,6,2000
chic,6/23/2000,71,23.01,61.7,33.12,Spring,175,Jun,6,2000
chic,6/24/2000,71,21.43,67.5,30.37,Spring,176,Jun,6,2000
chic,6/25/2000,75,28.72,65.1,16.43,Spring,177,Jun,6,2000
chic,6/26/2000,72,20.49,63.9,18.37,Spring,178,Jun,6,2000
chic,6/27/2000,68,18.66,52.6,17.37,Spring,179,Jun,6,2000
chic,6/28/2000,62,8.92,57,NA,Spring,180,Jun,6,2000
chic,6/29/2000,66,18.8,52.3,27.48,Spring,181,Jun,6,2000
chic,6/30/2000,66,19.46,54.7,NA,Spring,182,Jun,6,2000
chic,2000/01/07,71,32.85,61.2,NA,Summer,183,Jul,7,2000
chic,2000/02/07,74,33.89,70,NA,Summer,184,Jul,7,2000
chic,2000/03/07,68,20.34,64.7,NA,Summer,185,Jul,7,2000
chic,2000/04/07,70,26.69,64.5,NA,Summer,186,Jul,7,2000
chic,2000/05/07,76,40.43,65,35.76,Summer,187,Jul,7,2000
chic,2000/06/07,74,36.87,64.2,31.38,Summer,188,Jul,7,2000
chic,2000/07/07,70,22.82,58,26.38,Summer,189,Jul,7,2000
chic,2000/08/07,73,32.08,64,52.38,Summer,190,Jul,7,2000
chic,2000/09/07,81,35.53,70.7,56.38,Summer,191,Jul,7,2000
chic,2000/10/07,73,26.56,68.3,19.38,Summer,192,Jul,7,2000
chic,2000/11/07,69,31.8,64,31.91,Summer,193,Jul,7,2000
chic,2000/12/07,72,35.73,58.1,27.38,Summer,194,Jul,7,2000
chic,7/13/2000,75,31.96,64.5,40.38,Summer,195,Jul,7,2000
chic,7/14/2000,77,31.16,63.4,23.38,Summer,196,Jul,7,2000
chic,7/15/2000,73,26.05,60.1,18.38,Summer,197,Jul,7,2000
chic,7/16/2000,73,21.59,57.7,20.38,Summer,198,Jul,7,2000
chic,7/17/2000,77,21.66,63.4,31.04,Summer,199,Jul,7,2000
chic,7/18/2000,66,20.18,54.3,18.38,Summer,200,Jul,7,2000
chic,7/19/2000,63,18.64,53.9,14.38,Summer,201,Jul,7,2000
chic,7/20/2000,67,16.08,56.3,38.38,Summer,202,Jul,7,2000
chic,7/21/2000,67,15.32,51.1,16.38,Summer,203,Jul,7,2000
chic,7/22/2000,63,16.22,53.9,17.38,Summer,204,Jul,7,2000
chic,7/23/2000,63,16.46,49.7,18.24,Summer,205,Jul,7,2000
chic,7/24/2000,66,29.2,53.6,31.38,Summer,206,Jul,7,2000
chic,7/25/2000,69,30,56.7,45.38,Summer,207,Jul,7,2000
chic,7/26/2000,73,34.1,60.8,84.38,Summer,208,Jul,7,2000
chic,7/27/2000,77,29.94,65.8,64.38,Summer,209,Jul,7,2000
chic,7/28/2000,74,30.63,65.5,28.38,Summer,210,Jul,7,2000
chic,7/29/2000,73,47.24,65.9,33.29,Summer,211,Jul,7,2000
chic,7/30/2000,71,34.43,67.1,17.38,Summer,212,Jul,7,2000
chic,7/31/2000,70,16.3,66.2,22.38,Summer,213,Jul,7,2000
chic,2000/01/08,73,16.34,67.2,32.38,Summer,214,Aug,8,2000
chic,2000/02/08,76,23.92,64.6,31.38,Summer,215,Aug,8,2000
chic,2000/03/08,63,26.84,54.5,4.38,Summer,216,Aug,8,2000
chic,2000/04/08,67,22.23,53.8,32.21,Summer,217,Aug,8,2000
chic,2000/05/08,67,22.19,61.3,40.38,Summer,218,Aug,8,2000
chic,2000/06/08,78,28.1,70.6,36.38,Summer,219,Aug,8,2000
chic,2000/07/08,76,17.05,66.5,19.38,Summer,220,Aug,8,2000
chic,2000/08/08,77,18.42,69.4,30.38,Summer,221,Aug,8,2000
chic,2000/09/08,79,24.54,67,44.38,Summer,222,Aug,8,2000
chic,2000/10/08,74,21.57,62.3,32.58,Summer,223,Aug,8,2000
chic,2000/11/08,71,16.84,60.8,26.38,Summer,224,Aug,8,2000
chic,2000/12/08,71,22.37,61,31.38,Summer,225,Aug,8,2000
chic,8/13/2000,74,24.19,62.5,26.38,Summer,226,Aug,8,2000
chic,8/14/2000,76,28.11,67.9,64.38,Summer,227,Aug,8,2000
chic,8/15/2000,82,37.08,68.8,54.38,Summer,228,Aug,8,2000
chic,8/16/2000,70,19.66,54.9,22.77,Summer,229,Aug,8,2000
chic,8/17/2000,68,20.02,62.3,22.38,Summer,230,Aug,8,2000
chic,8/18/2000,67,21.44,59.5,9.38,Summer,231,Aug,8,2000
chic,8/19/2000,64,16.46,56,11.38,Summer,232,Aug,8,2000
chic,8/20/2000,65,26.16,54,8.38,Summer,233,Aug,8,2000
chic,8/21/2000,67,27.61,56.3,31.38,Summer,234,Aug,8,2000
chic,8/22/2000,76,26.69,67.6,45.74,Summer,235,Aug,8,2000
chic,8/23/2000,76,26.63,69,59.38,Summer,236,Aug,8,2000
chic,8/24/2000,71,24.91,58.5,33.38,Summer,237,Aug,8,2000
chic,8/25/2000,70,23.48,59,75.38,Summer,238,Aug,8,2000
chic,8/26/2000,73,28.77,64.6,59.38,Summer,239,Aug,8,2000
chic,8/27/2000,72,40.86,64.3,16.38,Summer,240,Aug,8,2000
chic,8/28/2000,75,29.96,64.2,43.35,Summer,241,Aug,8,2000
chic,8/29/2000,77,26.56,68.7,50.38,Summer,242,Aug,8,2000
chic,8/30/2000,77,29.22,70.6,66.38,Summer,243,Aug,8,2000
chic,8/31/2000,80,34.96,68.2,66.38,Summer,244,Aug,8,2000
chic,2000/01/09,80,39.32,69,66.38,Summer,245,Sep,9,2000
chic,2000/02/09,79,36.07,67.3,31.38,Summer,246,Sep,9,2000
chic,2000/03/09,77,34.76,66.8,39.02,Summer,247,Sep,9,2000
chic,2000/04/09,66,23.02,55.1,2.38,Summer,248,Sep,9,2000
chic,2000/05/09,63,27.64,45.2,10.38,Summer,249,Sep,9,2000
chic,2000/06/09,61,22.12,48.4,34.38,Summer,250,Sep,9,2000
chic,2000/07/09,74,24.72,60.5,65.38,Summer,251,Sep,9,2000
chic,2000/08/09,75,12.87,66.8,52.38,Summer,252,Sep,9,2000
chic,2000/09/09,76,16.78,67.4,31.23,Summer,253,Sep,9,2000
chic,2000/10/09,78,12.34,70.5,21.38,Summer,254,Sep,9,2000
chic,2000/11/09,75,17.81,67.9,46.38,Summer,255,Sep,9,2000
chic,2000/12/09,63,16.11,52.9,20.38,Summer,256,Sep,9,2000
chic,9/13/2000,63,10.67,49.7,61.38,Summer,257,Sep,9,2000
chic,9/14/2000,65,17.35,52.5,28.38,Summer,258,Sep,9,2000
chic,9/15/2000,56,11.55,40.1,17.24,Summer,259,Sep,9,2000
chic,9/16/2000,56,12.71,41,14.38,Summer,260,Sep,9,2000
chic,9/17/2000,68,26.63,47.7,20.38,Summer,261,Sep,9,2000
chic,9/18/2000,69,22.48,53.2,79.38,Summer,262,Sep,9,2000
chic,9/19/2000,75,38,51.1,91.38,Summer,263,Sep,9,2000
chic,9/20/2000,58,7.86,53,17.38,Summer,264,Sep,9,2000
chic,9/21/2000,54,13.41,40.5,20.57,Summer,265,Sep,9,2000
chic,9/22/2000,58,5.69,51.3,31.38,Summer,266,Sep,9,2000
chic,9/23/2000,63,11.44,58.2,11.38,Summer,267,Sep,9,2000
chic,9/24/2000,53,21.4,46.2,0.38,Summer,268,Sep,9,2000
chic,9/25/2000,49,16.25,40.2,5.38,Summer,269,Sep,9,2000
chic,9/26/2000,56,9.55,41.2,33.38,Summer,270,Sep,9,2000
chic,9/27/2000,59,14.27,46.6,27.35,Summer,271,Sep,9,2000
chic,9/28/2000,55,13.93,41.1,17.38,Summer,272,Sep,9,2000
chic,9/29/2000,61,10.46,42.1,56.38,Summer,273,Sep,9,2000
chic,9/30/2000,65,23.49,48.1,67.38,Summer,274,Sep,9,2000
chic,2000/01/10,72,46.53,50.7,91.38,Autumn,275,Oct,10,2000
chic,2000/02/10,69,28.58,53.8,54.38,Autumn,276,Oct,10,2000
chic,2000/03/10,59,14.48,49.7,35.08,Autumn,277,Oct,10,2000
chic,2000/04/10,57,28.23,47.1,8.38,Autumn,278,Oct,10,2000
chic,2000/05/10,52,16.85,48.2,13.38,Autumn,279,Oct,10,2000
chic,2000/06/10,41,14.07,29.4,6.38,Autumn,280,Oct,10,2000
chic,2000/07/10,40,10.92,26.7,6.38,Autumn,281,Oct,10,2000
chic,2000/08/10,39,12.23,26.6,1.38,Autumn,282,Oct,10,2000
chic,2000/09/10,44,7.79,25.9,23.18,Autumn,283,Oct,10,2000
chic,2000/10/10,49,7.67,27,33.38,Autumn,284,Oct,10,2000
chic,2000/11/10,53,8.99,30.2,67.38,Autumn,285,Oct,10,2000
chic,2000/12/10,58,19.41,36.3,120.38,Autumn,286,Oct,10,2000
chic,10/13/2000,66,28.34,39.6,125.38,Autumn,287,Oct,10,2000
chic,10/14/2000,67,24.59,49.3,70.38,Autumn,288,Oct,10,2000
chic,10/15/2000,55,16.84,47.6,23.88,Autumn,289,Oct,10,2000
chic,10/16/2000,51,16.38,46.6,37.38,Autumn,290,Oct,10,2000
chic,10/17/2000,52,10.86,45.5,37.38,Autumn,291,Oct,10,2000
chic,10/18/2000,54,9.25,45.7,75.38,Autumn,292,Oct,10,2000
chic,10/19/2000,62,12.8,47.3,57.38,Autumn,293,Oct,10,2000
chic,10/20/2000,66,22.31,49.1,78.38,Autumn,294,Oct,10,2000
chic,10/21/2000,58,20.75,50.3,43.89,Autumn,295,Oct,10,2000
chic,10/22/2000,59,10.92,51.8,40.38,Autumn,296,Oct,10,2000
chic,10/23/2000,65,3.19,60.5,66.38,Autumn,297,Oct,10,2000
chic,10/24/2000,63,9.69,60.3,33.38,Autumn,298,Oct,10,2000
chic,10/25/2000,62,11.08,57.9,36.38,Autumn,299,Oct,10,2000
chic,10/26/2000,68,17.37,58.3,76.38,Autumn,300,Oct,10,2000
chic,10/27/2000,61,14.36,53.4,32.21,Autumn,301,Oct,10,2000
chic,10/28/2000,50,23.11,41.4,3.38,Autumn,302,Oct,10,2000
chic,10/29/2000,46,15.56,36.8,18.38,Autumn,303,Oct,10,2000
chic,10/30/2000,50,10.37,32.7,25.38,Autumn,304,Oct,10,2000
chic,10/31/2000,59,4.71,37.6,43.38,Autumn,305,Oct,10,2000
chic,2000/01/11,63,9.09,44.6,42.38,Autumn,306,Nov,11,2000
chic,2000/02/11,55,7.17,48.6,37.15,Autumn,307,Nov,11,2000
chic,2000/03/11,48,9.3,34.8,21.38,Autumn,308,Nov,11,2000
chic,2000/04/11,46,8.19,31.4,29.38,Autumn,309,Nov,11,2000
chic,2000/05/11,46,15.27,31,32.38,Autumn,310,Nov,11,2000
chic,2000/06/11,49,20.14,38,30.38,Autumn,311,Nov,11,2000
chic,2000/07/11,49,5.87,41.9,10.38,Autumn,312,Nov,11,2000
chic,2000/08/11,40,3.77,31.5,21.49,Autumn,313,Nov,11,2000
chic,2000/09/11,39,6.47,37,6.38,Autumn,314,Nov,11,2000
chic,2000/10/11,37,4.84,31.6,10.38,Autumn,315,Nov,11,2000
chic,2000/11/11,38,6.12,32.1,17.38,Autumn,316,Nov,11,2000
chic,2000/12/11,45,6.95,37.3,10.38,Autumn,317,Nov,11,2000
chic,11/13/2000,36,5.08,29.7,11.38,Autumn,318,Nov,11,2000
chic,11/14/2000,32,7.87,26.4,17.24,Autumn,319,Nov,11,2000
chic,11/15/2000,31,7.77,23.6,31.38,Autumn,320,Nov,11,2000
chic,11/16/2000,36,5.39,29.2,26.38,Autumn,321,Nov,11,2000
chic,11/17/2000,30,10.08,20.8,7.38,Autumn,322,Nov,11,2000
chic,11/18/2000,27,12.49,18.3,29.38,Autumn,323,Nov,11,2000
chic,11/19/2000,30,11.98,22,17.38,Autumn,324,Nov,11,2000
chic,11/20/2000,24,10.9,17.9,23.57,Autumn,325,Nov,11,2000
chic,11/21/2000,19,11.36,8,22.38,Autumn,326,Nov,11,2000
chic,11/22/2000,22,6.14,11,31.38,Autumn,327,Nov,11,2000
chic,11/23/2000,29,5.4,17,33.38,Autumn,328,Nov,11,2000
chic,11/24/2000,32,5.06,19.2,36.38,Autumn,329,Nov,11,2000
chic,11/25/2000,38,8.76,32.6,30.38,Autumn,330,Nov,11,2000
chic,11/26/2000,39,2.5,36.6,27.24,Autumn,331,Nov,11,2000
chic,11/27/2000,34,2.39,30.5,36.38,Autumn,332,Nov,11,2000
chic,11/28/2000,34,4.3,29.7,25.38,Autumn,333,Nov,11,2000
chic,11/29/2000,35,2.67,33.1,18.38,Autumn,334,Nov,11,2000
chic,11/30/2000,34,7.07,30.7,12.38,Autumn,335,Nov,11,2000
chic,2000/01/12,34,23.17,24.8,3.38,Autumn,336,Dec,12,2000
chic,2000/02/12,31,29.71,21.6,10.9,Autumn,337,Dec,12,2000
chic,2000/03/12,28,7.7,19.3,15.38,Autumn,338,Dec,12,2000
chic,2000/04/12,32,7.77,24,36.38,Autumn,339,Dec,12,2000
chic,2000/05/12,21,14.15,2.8,11.38,Autumn,340,Dec,12,2000
chic,2000/06/12,15,6.44,8,18.38,Autumn,341,Dec,12,2000
chic,2000/07/12,25,3.16,23.5,24.38,Autumn,342,Dec,12,2000
chic,2000/08/12,18,8.19,11.8,34.07,Autumn,343,Dec,12,2000
chic,2000/09/12,16,5.13,13.1,41.38,Autumn,344,Dec,12,2000
chic,2000/10/12,30,3.94,24.8,24.38,Autumn,345,Dec,12,2000
chic,2000/11/12,23,17.06,21.2,NA,Autumn,346,Dec,12,2000
chic,2000/12/12,4,9.95,0.3,NA,Autumn,347,Dec,12,2000
chic,12/13/2000,8,6,7.9,38.38,Autumn,348,Dec,12,2000
chic,12/14/2000,17,4.2,17.1,36.74,Autumn,349,Dec,12,2000
chic,12/15/2000,17,3.06,17.4,41.38,Autumn,350,Dec,12,2000
chic,12/16/2000,25,3.46,27,13.38,Autumn,351,Dec,12,2000
chic,12/17/2000,8,14.35,0.6,12.38,Autumn,352,Dec,12,2000
chic,12/18/2000,8,5.91,3.5,31.38,Autumn,353,Dec,12,2000
chic,12/19/2000,14,9.25,9.2,24.38,Autumn,354,Dec,12,2000
chic,12/20/2000,6,5.62,4.7,44.85,Autumn,355,Dec,12,2000
chic,12/21/2000,6,12.82,0.1,14.38,Autumn,356,Dec,12,2000
chic,12/22/2000,-1,8.62,-7.1,15.38,Autumn,357,Dec,12,2000
chic,12/23/2000,8,6.72,5.1,31.38,Autumn,358,Dec,12,2000
chic,12/24/2000,5,11.01,-1.4,23.38,Autumn,359,Dec,12,2000
chic,12/25/2000,5,7.1,-1.7,39.38,Autumn,360,Dec,12,2000
chic,12/26/2000,11,8.64,9.2,30.01,Autumn,361,Dec,12,2000
chic,12/27/2000,12,7.4,7.6,23.38,Autumn,362,Dec,12,2000
chic,12/28/2000,13,9.5,9,20.38,Autumn,363,Dec,12,2000
chic,12/29/2000,21,14.64,16.9,29.38,Autumn,364,Dec,12,2000
chic,12/30/2000,27,20.08,23,6.38,Autumn,365,Dec,12,2000
chic,12/31/2000,16,15.79,16.3,7.38,Autumn,366,Dec,12,2000